Batch No.,공정명,작업실,시작,종료
1,a,R-1107,2021-01-09 11:00,2021-01-09 19:02
1,b,R-1107,2021-01-09 19:02,2021-01-10 09:03
2,a,R-1108,2021-01-10 13:30,2021-01-10 21:35
2,b,R-1108,2021-01-10 21:35,2021-01-11 10:30
3,a,R-1107,2021-01-11 21:19,2021-01-12 05:16
3,b,R-1107,2021-01-12 05:16,2021-01-12 19:51
4,a,R-1108,2021-01-12 14:00,2021-01-12 22:15
4,b,R-1108,2021-01-12 22:15,2021-01-13 14:30
5,a,R-1107,2021-01-13 11:00,2021-01-13 19:11
5,b,R-1107,2021-01-13 19:11,2021-01-14 10:18
6,a,R-1108,2021-01-14 09:00,2021-01-14 17:00
6,b,R-1108,2021-01-14 17:00,2021-01-15 08:00
7,a,R-1107,2021-01-15 12:20,2021-01-15 20:45
7,b,R-1107,2021-01-15 20:45,2021-01-16 10:05
8,a,R-1108,2021-01-16 09:00,2021-01-16 17:07
8,b,R-1108,2021-01-16 17:07,2021-01-17 06:05
9,a,R-1107,2021-01-17 09:00,2021-01-17 17:09
9,b,R-1107,2021-01-17 17:09,2021-01-18 08:15
10,a,R-1108,2021-01-18 17:00,2021-01-19 01:02
10,b,R-1108,2021-01-19 01:02,2021-01-19 15:00
11,a,R-1107,2021-01-19 10:30,2021-01-19 18:30
11,b,R-1107,2021-01-19 18:30,2021-01-20 08:50
12,a,R-1108,2021-01-20 08:00,2021-01-20 15:50
12,b,R-1108,2021-01-20 15:50,2021-01-21 08:50
13,a,R-1107,2021-01-21 18:30,2021-01-22 02:25
13,b,R-1107,2021-01-22 02:25,2021-01-22 16:00
14,a,R-1108,2021-01-22 19:01,2021-01-23 03:02
14,b,R-1108,2021-01-23 03:02,2021-01-23 16:41
15,a,R-1107,2021-01-23 21:10,2021-01-24 05:12
15,b,R-1107,2021-01-24 05:12,2021-01-24 19:00
16,a,R-1108,2021-01-24 17:00,2021-01-25 00:55
16,b,R-1108,2021-01-25 00:55,2021-01-25 15:00
17,a,R-1107,2021-01-25 19:01,2021-01-26 03:03
17,b,R-1107,2021-01-26 03:03,2021-01-26 17:55
18,a,R-1108,2021-01-27 02:30,2021-01-27 10:30
18,b,R-1108,2021-01-27 10:30,2021-01-28 00:05
19,a,R-1107,2021-01-28 08:00,2021-01-28 15:52
19,b,R-1107,2021-01-28 15:52,2021-01-29 05:13
20,a,R-1108,2021-01-29 08:00,2021-01-29 16:00
20,b,R-1108,2021-01-29 16:00,2021-01-30 05:50
21,a,R-1107,2021-01-30 15:20,2021-01-30 23:31
21,b,R-1107,2021-01-30 23:31,2021-01-31 13:50
22,a,R-1108,2021-01-31 05:40,2021-01-31 13:40
22,b,R-1108,2021-01-31 13:40,2021-02-01 03:00
23,a,R-1107,2021-02-01 07:00,2021-02-01 15:21
23,b,R-1107,2021-02-01 15:21,2021-02-02 05:50
24,a,R-1108,2021-02-02 09:00,2021-02-02 17:01
24,b,R-1108,2021-02-02 17:01,2021-02-03 06:05
25,a,R-1107,2021-02-03 06:20,2021-02-03 14:21
25,b,R-1107,2021-02-03 14:21,2021-02-04 04:00
26,a,R-1108,2021-02-04 09:00,2021-02-04 16:56
26,b,R-1108,2021-02-04 16:56,2021-02-05 08:00
27,a,R-1107,2021-02-05 04:14,2021-02-05 12:00
27,b,R-1107,2021-02-05 12:00,2021-02-06 01:00
28,a,R-1108,2021-02-06 03:00,2021-02-06 11:00
28,b,R-1108,2021-02-06 11:00,2021-02-07 00:10
29,a,R-1107,2021-02-07 06:00,2021-02-07 14:01
29,b,R-1107,2021-02-07 14:01,2021-02-08 03:23
30,a,R-1108,2021-02-08 11:01,2021-02-08 19:01
30,b,R-1108,2021-02-08 19:01,2021-02-09 09:00
31,a,R-1107,2021-02-09 21:30,2021-02-10 05:35
31,b,R-1107,2021-02-10 05:35,2021-02-10 20:50
32,a,R-1108,2021-02-10 14:30,2021-02-10 22:35
32,b,R-1108,2021-02-10 22:35,2021-02-11 11:57
33,a,R-1107,2021-02-11 14:00,2021-02-11 22:10
33,b,R-1107,2021-02-11 22:10,2021-02-12 12:20
34,a,R-1108,2021-02-12 08:20,2021-02-12 16:25
34,b,R-1108,2021-02-12 16:25,2021-02-13 09:05
35,a,R-1107,2021-02-13 15:20,2021-02-13 23:21
35,b,R-1107,2021-02-13 23:21,2021-02-14 13:35
36,a,R-1108,2021-02-14 13:00,2021-02-14 21:15
36,b,R-1108,2021-02-14 21:15,2021-02-15 11:40
37,a,R-1107,2021-02-15 13:10,2021-02-15 21:20
37,b,R-1107,2021-02-15 21:20,2021-02-16 10:20
38,a,R-1108,2021-02-16 10:40,2021-02-16 18:55
38,b,R-1108,2021-02-16 18:55,2021-02-17 08:25
39,a,R-1107,2021-02-17 18:25,2021-02-18 02:27
39,b,R-1107,2021-02-18 02:27,2021-02-18 16:54
40,a,R-1108,2021-02-18 18:10,2021-02-19 02:07
40,b,R-1108,2021-02-19 02:07,2021-02-19 16:00
41,a,R-1107,2021-02-19 20:05,2021-02-20 04:00
41,b,R-1107,2021-02-20 04:00,2021-02-20 19:08
42,a,R-1108,2021-02-21 02:30,2021-02-21 10:30
42,b,R-1108,2021-02-21 10:30,2021-02-22 00:35
43,a,R-1107,2021-02-22 04:00,2021-02-22 12:07
43,b,R-1107,2021-02-22 12:07,2021-02-23 01:25
44,a,R-1108,2021-02-23 05:30,2021-02-23 13:25
44,b,R-1108,2021-02-23 13:25,2021-02-24 02:50
45,a,R-1107,2021-02-24 09:00,2021-02-24 17:01
45,b,R-1107,2021-02-24 17:01,2021-02-25 08:00
46,a,R-1108,2021-02-25 06:00,2021-02-25 14:18
46,b,R-1108,2021-02-25 14:18,2021-02-26 03:58
47,a,R-1107,2021-02-26 11:30,2021-02-26 19:35
47,b,R-1107,2021-02-26 19:35,2021-02-27 10:50
48,a,R-1108,2021-02-27 09:00,2021-02-27 17:01
48,b,R-1108,2021-02-27 17:01,2021-02-28 06:40
49,a,R-1107,2021-02-28 11:00,2021-02-28 19:01
49,b,R-1107,2021-02-28 19:01,2021-03-01 08:38
50,a,R-1108,2021-03-02 02:30,2021-03-02 10:22
50,b,R-1108,2021-03-02 10:22,2021-03-03 00:45
51,a,R-1107,2021-03-03 07:30,2021-03-03 15:30
51,b,R-1107,2021-03-03 15:30,2021-03-04 05:13
52,a,R-1108,2021-03-03 21:30,2021-03-04 05:26
52,b,R-1108,2021-03-04 05:26,2021-03-04 20:00
53,a,R-1107,2021-03-05 07:20,2021-03-05 15:25
53,b,R-1107,2021-03-05 15:25,2021-03-06 06:00
54,a,R-1108,2021-03-06 00:00,2021-03-06 08:01
54,b,R-1108,2021-03-06 08:01,2021-03-06 22:10
55,a,R-1107,2021-03-06 23:00,2021-03-07 07:20
55,b,R-1107,2021-03-07 07:20,2021-03-07 21:13
56,a,R-1108,2021-03-07 23:00,2021-03-08 07:21
56,b,R-1108,2021-03-08 07:21,2021-03-09 03:10
57,a,R-1107,2021-03-09 11:00,2021-03-09 19:00
57,b,R-1107,2021-03-09 19:00,2021-03-10 09:15
58,a,R-1108,2021-03-09 20:00,2021-03-10 04:03
58,b,R-1108,2021-03-10 04:03,2021-03-10 18:50
59,a,R-1107,2021-03-11 04:30,2021-03-11 12:20
59,b,R-1107,2021-03-11 12:20,2021-03-12 02:45
60,a,R-1108,2021-03-12 05:30,2021-03-12 13:35
60,b,R-1108,2021-03-12 13:35,2021-03-13 03:40
61,a,R-1107,2021-03-13 00:30,2021-03-13 08:22
61,b,R-1107,2021-03-13 08:22,2021-03-13 21:55
62,a,R-1108,2021-03-14 02:30,2021-03-14 10:30
62,b,R-1108,2021-03-14 10:30,2021-03-15 00:00
63,a,R-1107,2021-03-15 02:30,2021-03-15 10:27
63,b,R-1107,2021-03-15 10:27,2021-03-16 01:00
64,a,R-1108,2021-03-16 00:00,2021-03-16 08:02
64,b,R-1108,2021-03-16 08:02,2021-03-16 21:00
65,a,R-1107,2021-03-17 03:10,2021-03-17 11:11
65,b,R-1107,2021-03-17 11:11,2021-03-18 01:30
66,a,R-1108,2021-03-18 03:00,2021-03-18 11:10
66,b,R-1108,2021-03-18 11:10,2021-03-19 01:35
67,a,R-1107,2021-03-19 05:15,2021-03-19 13:11
67,b,R-1107,2021-03-19 13:11,2021-03-20 03:15
68,a,R-1108,2021-03-20 03:00,2021-03-20 11:01
68,b,R-1108,2021-03-20 11:01,2021-03-21 01:20
69,a,R-1107,2021-03-21 22:40,2021-03-22 06:44
70,a,R-1108,2021-03-22 02:30,2021-03-22 10:27
69,b,R-1107,2021-03-22 06:44,2021-03-22 21:50
70,b,R-1108,2021-03-22 10:27,2021-03-23 00:05
71,a,R-1107,2021-03-23 22:00,2021-03-24 06:10
72,a,R-1108,2021-03-24 02:30,2021-03-24 10:30
71,b,R-1107,2021-03-24 06:10,2021-03-24 19:53
72,b,R-1108,2021-03-24 10:30,2021-03-25 00:50
73,a,R-1107,2021-03-25 11:45,2021-03-25 20:00
73,b,R-1107,2021-03-25 20:00,2021-03-26 10:50
74,a,R-1108,2021-03-26 03:30,2021-03-26 11:30
74,b,R-1108,2021-03-26 11:30,2021-03-27 02:50
75,a,R-1107,2021-03-27 08:15,2021-03-27 16:15
75,b,R-1107,2021-03-27 16:15,2021-03-28 05:35
76,a,R-1108,2021-03-28 05:30,2021-03-28 13:30
76,b,R-1108,2021-03-28 13:30,2021-03-29 03:40
77,a,R-1107,2021-03-29 09:30,2021-03-29 17:21
77,b,R-1107,2021-03-29 17:21,2021-03-30 08:50
78,a,R-1108,2021-03-29 22:59,2021-03-30 07:05
78,b,R-1108,2021-03-30 07:05,2021-03-30 20:45
79,a,R-1107,2021-03-31 03:00,2021-03-31 11:00
79,b,R-1107,2021-03-31 11:00,2021-04-01 01:30
80,a,R-1108,2021-04-01 20:15,2021-04-02 04:01
80,b,R-1108,2021-04-02 04:01,2021-04-02 18:32
81,a,R-1107,2021-04-02 16:45,2021-04-03 00:30
81,b,R-1107,2021-04-03 00:30,2021-04-03 14:00
82,a,R-1108,2021-04-03 22:00,2021-04-04 06:10
82,b,R-1108,2021-04-04 06:10,2021-04-04 20:20
83,a,R-1107,2021-04-05 04:30,2021-04-05 12:30
83,b,R-1107,2021-04-05 12:30,2021-04-06 02:25
84,a,R-1108,2021-04-05 22:00,2021-04-06 06:01
84,b,R-1108,2021-04-06 06:01,2021-04-06 20:10
85,a,R-1107,2021-04-07 01:00,2021-04-07 08:51
85,b,R-1107,2021-04-07 08:51,2021-04-07 23:10
86,a,R-1108,2021-04-08 08:30,2021-04-08 16:21
86,b,R-1108,2021-04-08 16:21,2021-04-09 06:35
87,a,R-1107,2021-04-09 07:00,2021-04-09 15:16
87,b,R-1107,2021-04-09 15:16,2021-04-10 04:57
88,a,R-1108,2021-04-10 03:00,2021-04-10 10:52
88,b,R-1108,2021-04-10 10:52,2021-04-11 05:05
89,a,R-1107,2021-04-10 20:40,2021-04-11 04:40
89,b,R-1107,2021-04-11 04:40,2021-04-11 18:00
90,a,R-1108,2021-04-11 23:30,2021-04-12 07:37
90,b,R-1108,2021-04-12 07:37,2021-04-12 21:57
91,a,R-1107,2021-04-12 22:30,2021-04-13 06:35
91,b,R-1107,2021-04-13 06:35,2021-04-13 20:55
92,a,R-1108,2021-04-14 02:32,2021-04-14 10:36
92,b,R-1108,2021-04-14 10:36,2021-04-15 00:35
93,a,R-1107,2021-04-15 03:45,2021-04-15 11:46
93,b,R-1107,2021-04-15 11:46,2021-04-16 02:03
94,a,R-1108,2021-04-15 19:00,2021-04-16 03:02
94,b,R-1108,2021-04-16 03:02,2021-04-16 17:30
95,a,R-1107,2021-04-16 19:00,2021-04-17 03:02
95,b,R-1107,2021-04-17 03:02,2021-04-17 16:10
96,a,R-1108,2021-04-18 05:00,2021-04-18 13:00
96,b,R-1108,2021-04-18 13:00,2021-04-19 02:49
97,a,R-1107,2021-04-19 00:00,2021-04-19 08:05
97,b,R-1107,2021-04-19 08:05,2021-04-19 21:35
98,a,R-1108,2021-04-20 06:00,2021-04-20 14:06
98,b,R-1108,2021-04-20 14:06,2021-04-21 04:00
99,a,R-1107,2021-04-21 09:00,2021-04-21 17:01
99,b,R-1107,2021-04-21 17:01,2021-04-22 07:10
100,a,R-1108,2021-04-22 02:30,2021-04-22 10:40
100,b,R-1108,2021-04-22 10:40,2021-04-23 01:10
101,a,R-1107,2021-04-23 04:52,2021-04-23 12:58
101,b,R-1107,2021-04-23 12:58,2021-04-24 02:52
102,a,R-1108,2021-04-24 03:40,2021-04-24 11:45
102,b,R-1108,2021-04-24 11:45,2021-04-25 02:01
103,a,R-1107,2021-04-25 09:00,2021-04-25 17:02
103,b,R-1107,2021-04-25 17:02,2021-04-26 08:00
104,a,R-1108,2021-04-26 06:00,2021-04-26 14:03
104,b,R-1108,2021-04-26 14:03,2021-04-27 04:20
105,a,R-1107,2021-04-27 05:30,2021-04-27 13:27
105,b,R-1107,2021-04-27 13:27,2021-04-28 03:10
106,a,R-1108,2021-04-27 22:50,2021-04-28 07:01
106,b,R-1108,2021-04-28 07:01,2021-04-28 21:30
107,a,R-1107,2021-04-29 06:10,2021-04-29 14:03
107,b,R-1107,2021-04-29 14:03,2021-04-30 04:15
108,a,R-1108,2021-05-01 00:30,2021-05-01 08:30
108,b,R-1108,2021-05-01 08:30,2021-05-02 00:00
109,a,R-1107,2021-05-01 21:30,2021-05-02 05:30
109,b,R-1107,2021-05-02 05:30,2021-05-02 20:27
110,a,R-1108,2021-05-02 16:10,2021-05-03 00:01
110,b,R-1108,2021-05-03 00:01,2021-05-03 13:42
111,a,R-1107,2021-05-03 17:30,2021-05-04 01:31
111,b,R-1107,2021-05-04 01:31,2021-05-04 16:20
112,a,R-1108,2021-05-04 17:30,2021-05-05 01:30
112,b,R-1108,2021-05-05 01:30,2021-05-05 16:46
113,a,R-1107,2021-05-05 16:30,2021-05-06 00:30
113,b,R-1107,2021-05-06 00:30,2021-05-06 15:03
114,a,R-1108,2021-05-06 14:35,2021-05-06 23:01
114,b,R-1108,2021-05-06 23:01,2021-05-07 14:00
115,a,R-1107,2021-05-07 20:45,2021-05-08 04:46
115,b,R-1107,2021-05-08 04:46,2021-05-08 18:20
116,a,R-1108,2021-05-08 13:30,2021-05-08 21:31
116,b,R-1108,2021-05-08 21:31,2021-05-09 10:30
117,a,R-1107,2021-05-09 11:00,2021-05-09 19:01
117,b,R-1107,2021-05-09 19:01,2021-05-10 07:30
118,a,R-1108,2021-05-10 19:50,2021-05-11 04:00
118,b,R-1108,2021-05-11 04:00,2021-05-11 18:00
119,a,R-1107,2021-05-12 02:30,2021-05-12 10:32
119,b,R-1107,2021-05-12 10:32,2021-05-13 01:38
120,a,R-1108,2021-05-12 16:30,2021-05-13 00:16
120,b,R-1108,2021-05-13 00:16,2021-05-13 13:45
121,a,R-1107,2021-05-14 00:10,2021-05-14 08:15
121,b,R-1107,2021-05-14 08:15,2021-05-14 21:30
122,a,R-1108,2021-05-15 04:32,2021-05-15 12:47
122,b,R-1108,2021-05-15 12:47,2021-05-16 02:50
123,a,R-1107,2021-05-16 03:00,2021-05-16 10:46
123,b,R-1107,2021-05-16 10:46,2021-05-17 01:50
124,a,R-1108,2021-05-17 11:50,2021-05-17 19:58
124,b,R-1108,2021-05-17 19:58,2021-05-18 10:00
125,a,R-1107,2021-05-18 07:00,2021-05-18 15:21
125,b,R-1107,2021-05-18 15:21,2021-05-19 04:46
126,a,R-1108,2021-05-19 06:00,2021-05-19 14:01
126,b,R-1108,2021-05-19 14:01,2021-05-20 03:45
127,a,R-1107,2021-05-20 13:00,2021-05-20 20:42
127,b,R-1107,2021-05-20 20:42,2021-05-21 09:00
128,a,R-1108,2021-05-21 07:30,2021-05-21 15:27
128,b,R-1108,2021-05-21 15:27,2021-05-22 05:20
129,a,R-1107,2021-05-22 07:30,2021-05-22 15:16
129,b,R-1107,2021-05-22 15:16,2021-05-23 05:20
130,a,R-1108,2021-05-23 08:40,2021-05-23 16:45
130,b,R-1108,2021-05-23 16:45,2021-05-24 06:10
131,a,R-1107,2021-05-24 07:10,2021-05-24 15:02
131,b,R-1107,2021-05-24 15:02,2021-05-25 04:18
132,a,R-1108,2021-05-25 07:30,2021-05-25 15:31
132,b,R-1108,2021-05-25 15:31,2021-05-26 05:24
133,a,R-1107,2021-05-26 21:00,2021-05-27 05:01
133,b,R-1107,2021-05-27 05:01,2021-05-27 19:21
134,a,R-1108,2021-05-27 06:05,2021-05-27 14:07
134,b,R-1108,2021-05-27 14:07,2021-05-28 04:13
135,a,R-1107,2021-05-28 13:00,2021-05-28 21:00
135,b,R-1107,2021-05-28 21:00,2021-05-29 10:30
136,a,R-1108,2021-05-29 08:30,2021-05-29 16:31
136,b,R-1108,2021-05-29 16:31,2021-05-30 06:20
137,a,R-1107,2021-05-30 13:19,2021-05-30 21:21
137,b,R-1107,2021-05-30 21:21,2021-05-31 14:03
138,a,R-1108,2021-05-31 07:10,2021-05-31 15:11
138,b,R-1108,2021-05-31 15:11,2021-06-01 06:10
139,a,R-1107,2021-06-01 13:00,2021-06-01 20:50
139,b,R-1107,2021-06-01 20:50,2021-06-02 10:25
140,a,R-1108,2021-06-02 09:00,2021-06-02 17:05
140,b,R-1108,2021-06-02 17:05,2021-06-03 07:00
141,a,R-1107,2021-06-03 04:30,2021-06-03 12:35
141,b,R-1107,2021-06-03 12:35,2021-06-04 02:49
142,a,R-1108,2021-06-04 02:30,2021-06-04 10:25
142,b,R-1108,2021-06-04 10:25,2021-06-05 00:00
143,a,R-1107,2021-06-05 10:30,2021-06-05 18:35
143,b,R-1107,2021-06-05 18:35,2021-06-06 09:30
144,a,R-1108,2021-06-06 05:00,2021-06-06 13:01
144,b,R-1108,2021-06-06 13:01,2021-06-07 02:00
145,a,R-1107,2021-06-07 13:50,2021-06-07 22:10
145,b,R-1107,2021-06-07 22:10,2021-06-08 19:00
146,a,R-1108,2021-06-09 05:00,2021-06-09 13:05
146,b,R-1108,2021-06-09 13:05,2021-06-10 02:36
147,a,R-1107,2021-06-10 05:40,2021-06-10 13:37
147,b,R-1107,2021-06-10 13:37,2021-06-11 03:50
148,a,R-1108,2021-06-10 20:00,2021-06-11 04:02
148,b,R-1108,2021-06-11 04:02,2021-06-11 19:10
149,a,R-1107,2021-06-12 00:30,2021-06-12 08:36
149,b,R-1107,2021-06-12 08:36,2021-06-12 22:30
150,a,R-1108,2021-06-13 23:30,2021-06-14 07:31
150,b,R-1108,2021-06-14 07:31,2021-06-14 20:50
151,a,R-1107,2021-06-15 06:00,2021-06-15 14:05
151,b,R-1107,2021-06-15 14:05,2021-06-16 09:40
152,a,R-1108,2021-06-16 16:30,2021-06-17 00:32
152,b,R-1108,2021-06-17 00:32,2021-06-17 14:40
153,a,R-1107,2021-06-17 15:10,2021-06-17 23:35
153,b,R-1107,2021-06-17 23:35,2021-06-18 14:30
154,a,R-1108,2021-06-18 19:08,2021-06-19 03:12
154,b,R-1108,2021-06-19 03:12,2021-06-19 18:00
155,a,R-1107,2021-06-19 15:00,2021-06-19 23:31
155,b,R-1107,2021-06-19 23:31,2021-06-20 14:05
156,a,R-1108,2021-06-20 13:40,2021-06-20 21:31
156,b,R-1108,2021-06-20 21:31,2021-06-21 14:25
157,a,R-1107,2021-06-22 02:00,2021-06-22 09:46
157,b,R-1107,2021-06-22 09:46,2021-06-22 22:40
158,a,R-1108,2021-06-22 13:00,2021-06-22 21:01
158,b,R-1108,2021-06-22 21:01,2021-06-23 10:40
159,a,R-1107,2021-06-23 15:30,2021-06-23 23:15
159,b,R-1107,2021-06-23 23:15,2021-06-24 13:36
160,a,R-1108,2021-06-24 10:30,2021-06-24 18:21
160,b,R-1108,2021-06-24 18:21,2021-06-25 09:11
161,a,R-1107,2021-06-25 14:06,2021-06-25 22:08
161,b,R-1107,2021-06-25 22:08,2021-06-26 13:25
162,a,R-1108,2021-06-26 20:10,2021-06-27 04:17
162,b,R-1108,2021-06-27 04:17,2021-06-27 19:15
163,a,R-1107,2021-06-28 03:30,2021-06-28 11:21
163,b,R-1107,2021-06-28 11:21,2021-06-29 08:00
164,a,R-1108,2021-06-28 23:00,2021-06-29 07:21
164,b,R-1108,2021-06-29 07:21,2021-06-29 21:25
165,a,R-1107,2021-06-30 01:00,2021-06-30 09:01
165,b,R-1107,2021-06-30 09:01,2021-06-30 23:05
166,a,R-1108,2021-06-30 16:05,2021-07-01 00:05
166,b,R-1108,2021-07-01 00:05,2021-07-02 00:45
167,a,R-1107,2021-07-01 22:30,2021-07-02 06:35
167,b,R-1107,2021-07-02 06:35,2021-07-02 20:28
168,a,R-1108,2021-07-02 21:38,2021-07-03 05:25
168,b,R-1108,2021-07-03 05:25,2021-07-03 19:19
169,a,R-1107,2021-07-03 20:46,2021-07-04 04:31
169,b,R-1107,2021-07-04 04:31,2021-07-04 20:12
170,a,R-1108,2021-07-04 21:04,2021-07-05 04:47
170,b,R-1108,2021-07-05 04:47,2021-07-05 19:00
171,a,R-1107,2021-07-05 22:40,2021-07-06 06:31
171,b,R-1107,2021-07-06 06:31,2021-07-06 20:15
172,a,R-1108,2021-07-07 08:50,2021-07-07 16:36
172,b,R-1108,2021-07-07 16:36,2021-07-08 05:39
173,a,R-1107,2021-07-08 23:15,2021-07-09 07:20
173,b,R-1107,2021-07-09 07:20,2021-07-09 21:20
174,a,R-1108,2021-07-09 10:40,2021-07-09 18:20
174,b,R-1108,2021-07-09 18:20,2021-07-10 08:00
175,a,R-1107,2021-07-10 18:40,2021-07-11 02:42
175,b,R-1107,2021-07-11 02:42,2021-07-11 17:26
176,a,R-1108,2021-07-11 14:30,2021-07-11 22:32
176,b,R-1108,2021-07-11 22:32,2021-07-12 11:25
177,a,R-1107,2021-07-12 16:00,2021-07-12 23:46
177,b,R-1107,2021-07-12 23:46,2021-07-13 19:05
178,a,R-1108,2021-07-13 14:00,2021-07-13 22:02
178,b,R-1108,2021-07-13 22:02,2021-07-14 12:11
179,a,R-1107,2021-07-15 02:30,2021-07-15 10:31
179,b,R-1107,2021-07-15 10:31,2021-07-16 02:30
180,a,R-1108,2021-07-15 12:30,2021-07-15 20:37
180,b,R-1108,2021-07-15 20:37,2021-07-16 10:45
181,a,R-1107,2021-07-16 21:00,2021-07-17 05:00
181,b,R-1107,2021-07-17 05:00,2021-07-17 20:08
182,a,R-1108,2021-07-17 17:20,2021-07-18 01:21
182,b,R-1108,2021-07-18 01:21,2021-07-18 16:40
183,a,R-1107,2021-07-18 18:30,2021-07-19 02:30
183,b,R-1107,2021-07-19 02:30,2021-07-19 16:47
184,a,R-1108,2021-07-19 17:10,2021-07-20 01:11
184,b,R-1108,2021-07-20 01:11,2021-07-20 14:35
185,a,R-1107,2021-07-20 17:10,2021-07-21 01:11
185,b,R-1107,2021-07-21 01:11,2021-07-21 16:00
186,a,R-1108,2021-07-21 17:00,2021-07-22 01:00
186,b,R-1108,2021-07-22 01:00,2021-07-22 14:20
187,a,R-1107,2021-07-22 18:30,2021-07-23 02:26
187,b,R-1107,2021-07-23 02:26,2021-07-23 18:12
188,a,R-1108,2021-07-23 10:30,2021-07-23 18:41
188,b,R-1108,2021-07-23 18:41,2021-07-24 07:40
189,a,R-1107,2021-07-24 20:30,2021-07-25 04:31
189,b,R-1107,2021-07-25 04:31,2021-07-25 19:08
190,a,R-1108,2021-07-25 18:30,2021-07-26 02:31
190,b,R-1108,2021-07-26 02:31,2021-07-26 16:01
191,a,R-1107,2021-07-26 18:50,2021-07-27 02:56
191,b,R-1107,2021-07-27 02:56,2021-07-27 17:40
192,a,R-1108,2021-07-27 16:18,2021-07-28 00:21
192,b,R-1108,2021-07-28 00:21,2021-07-28 16:00
193,a,R-1107,2021-07-28 18:30,2021-07-29 02:32
193,b,R-1107,2021-07-29 02:32,2021-07-29 17:05
194,a,R-1108,2021-07-29 18:30,2021-07-30 02:32
194,b,R-1108,2021-07-30 02:32,2021-07-30 18:00
195,a,R-1107,2021-07-31 02:30,2021-07-31 10:31
195,b,R-1107,2021-07-31 10:31,2021-08-01 01:45
196,a,R-1108,2021-07-31 21:10,2021-08-01 05:06
196,b,R-1108,2021-08-01 05:06,2021-08-01 19:30
197,a,R-1107,2021-08-01 22:00,2021-08-02 06:05
197,b,R-1107,2021-08-02 06:05,2021-08-02 20:10
198,a,R-1108,2021-08-02 14:55,2021-08-02 23:03
198,b,R-1108,2021-08-02 23:03,2021-08-03 13:45
199,a,R-1107,2021-08-04 02:30,2021-08-04 10:31
199,b,R-1107,2021-08-04 10:31,2021-08-05 03:30
200,a,R-1108,2021-08-04 20:40,2021-08-05 04:30
200,b,R-1108,2021-08-05 04:30,2021-08-05 19:55
201,a,R-1107,2021-08-05 20:40,2021-08-06 04:41
201,b,R-1107,2021-08-06 04:41,2021-08-06 19:35
202,a,R-1108,2021-08-06 18:30,2021-08-07 02:31
202,b,R-1108,2021-08-07 02:31,2021-08-08 13:59
203,a,R-1107,2021-08-08 10:30,2021-08-08 18:21
203,b,R-1107,2021-08-08 18:21,2021-08-09 13:30
204,a,R-1108,2021-08-09 05:10,2021-08-09 13:12
204,b,R-1108,2021-08-09 13:12,2021-08-10 10:50
205,a,R-1107,2021-08-10 05:10,2021-08-10 13:12
205,b,R-1107,2021-08-10 13:12,2021-08-11 04:10
206,a,R-1108,2021-08-11 04:50,2021-08-11 12:56
206,b,R-1108,2021-08-11 12:56,2021-08-12 03:30
207,a,R-1107,2021-08-12 00:06,2021-08-12 08:00
207,b,R-1107,2021-08-12 08:00,2021-08-12 22:00
208,a,R-1108,2021-08-12 19:00,2021-08-13 03:01
208,b,R-1108,2021-08-13 03:01,2021-08-13 18:12
209,a,R-1107,2021-08-14 02:30,2021-08-14 10:22
209,b,R-1107,2021-08-14 10:22,2021-08-15 00:45
210,a,R-1108,2021-08-15 00:08,2021-08-15 08:01
210,b,R-1108,2021-08-15 08:01,2021-08-15 21:50
211,a,R-1107,2021-08-15 23:30,2021-08-16 07:23
211,b,R-1107,2021-08-16 07:23,2021-08-16 21:20
212,a,R-1108,2021-08-16 21:15,2021-08-17 05:07
212,b,R-1108,2021-08-17 05:07,2021-08-17 19:40
213,a,R-1107,2021-08-18 08:05,2021-08-18 16:04
213,b,R-1107,2021-08-18 16:04,2021-08-19 05:45
214,a,R-1108,2021-08-18 22:09,2021-08-19 06:15
214,b,R-1108,2021-08-19 06:15,2021-08-19 21:15
215,a,R-1107,2021-08-20 07:00,2021-08-20 15:26
215,b,R-1107,2021-08-20 15:26,2021-08-21 04:55
216,a,R-1108,2021-08-21 01:00,2021-08-21 09:15
216,b,R-1108,2021-08-21 09:15,2021-08-21 22:00
217,a,R-1107,2021-08-22 02:30,2021-08-22 10:35
217,b,R-1107,2021-08-22 10:35,2021-08-23 01:15
218,a,R-1108,2021-08-22 21:00,2021-08-23 05:03
218,b,R-1108,2021-08-23 05:03,2021-08-24 13:20
219,a,R-1107,2021-08-23 22:00,2021-08-24 06:06
219,b,R-1107,2021-08-24 06:06,2021-08-24 20:30
220,a,R-1108,2021-08-25 05:50,2021-08-25 13:40
220,b,R-1108,2021-08-25 13:40,2021-08-26 05:00
221,a,R-1107,2021-08-27 17:00,2021-08-28 01:10
222,a,R-1108,2021-08-28 00:00,2021-08-28 07:50
221,b,R-1107,2021-08-28 01:10,2021-08-28 16:00
222,b,R-1108,2021-08-28 07:50,2021-08-28 21:55
223,a,R-1107,2021-08-29 08:30,2021-08-29 16:30
223,b,R-1107,2021-08-29 16:30,2021-08-30 06:40
224,a,R-1108,2021-08-29 20:40,2021-08-30 04:35
224,b,R-1108,2021-08-30 04:35,2021-08-30 19:37
225,a,R-1107,2021-08-31 00:00,2021-08-31 08:01
225,b,R-1107,2021-08-31 08:01,2021-08-31 23:21
226,a,R-1108,2021-08-31 21:30,2021-09-01 05:30
226,b,R-1108,2021-09-01 05:30,2021-09-01 20:42
227,a,R-1107,2021-09-01 21:30,2021-09-02 05:30
227,b,R-1107,2021-09-02 05:30,2021-09-02 20:04
228,a,R-1108,2021-09-03 00:00,2021-09-03 07:43
228,b,R-1108,2021-09-03 07:43,2021-09-04 00:00
229,a,R-1107,2021-09-04 00:00,2021-09-04 07:44
229,b,R-1107,2021-09-04 07:44,2021-09-04 21:35
230,a,R-1108,2021-09-04 22:00,2021-09-05 06:01
230,b,R-1108,2021-09-05 06:01,2021-09-08 16:00
231,a,R-1107,2021-09-05 21:00,2021-09-06 05:01
231,b,R-1107,2021-09-06 05:01,2021-09-06 19:30
232,a,R-1108,2021-09-07 13:04,2021-09-07 20:57
232,b,R-1108,2021-09-07 20:57,2021-09-08 12:04
233,a,R-1107,2021-09-09 04:45,2021-09-09 12:50
234,a,R-1108,2021-09-09 10:30,2021-09-09 18:31
233,b,R-1107,2021-09-09 12:50,2021-09-10 04:05
234,b,R-1108,2021-09-09 18:31,2021-09-10 10:30
235,a,R-1107,2021-09-11 04:45,2021-09-11 12:50
236,a,R-1108,2021-09-11 12:10,2021-09-11 20:11
235,b,R-1107,2021-09-11 12:50,2021-09-12 02:50
236,b,R-1108,2021-09-11 20:11,2021-09-12 12:00
237,a,R-1107,2021-09-13 02:30,2021-09-13 10:30
237,b,R-1107,2021-09-13 10:30,2021-09-14 02:49
238,a,R-1108,2021-09-14 07:30,2021-09-14 15:30
238,b,R-1108,2021-09-14 15:30,2021-09-15 05:47
239,a,R-1107,2021-09-15 13:20,2021-09-15 21:11
239,b,R-1107,2021-09-15 21:11,2021-09-16 10:45
240,a,R-1108,2021-09-16 10:30,2021-09-16 18:21
240,b,R-1108,2021-09-16 18:21,2021-09-17 08:00
241,a,R-1107,2021-09-18 04:30,2021-09-18 12:35
241,b,R-1107,2021-09-18 12:35,2021-09-19 03:40
242,a,R-1108,2021-09-18 20:20,2021-09-19 04:30
242,b,R-1108,2021-09-19 04:30,2021-09-19 20:00
243,a,R-1107,2021-09-19 22:00,2021-09-20 06:01
243,b,R-1107,2021-09-20 06:01,2021-09-20 21:16
244,a,R-1108,2021-09-20 21:17,2021-09-21 05:15
244,b,R-1108,2021-09-21 05:15,2021-09-22 01:20
245,a,R-1107,2021-09-22 00:00,2021-09-22 08:01
245,b,R-1107,2021-09-22 08:01,2021-09-22 21:14
246,a,R-1108,2021-09-23 02:00,2021-09-23 10:00
246,b,R-1108,2021-09-23 10:00,2021-09-24 06:32
247,a,R-1107,2021-09-24 05:00,2021-09-24 13:02
247,b,R-1107,2021-09-24 13:02,2021-09-25 02:40
248,a,R-1108,2021-09-25 03:30,2021-09-25 11:16
248,b,R-1108,2021-09-25 11:16,2021-09-26 02:15
249,a,R-1107,2021-09-26 09:00,2021-09-26 16:57
249,b,R-1107,2021-09-26 16:57,2021-09-27 06:35
250,a,R-1108,2021-09-27 00:00,2021-09-27 08:03
250,b,R-1108,2021-09-27 08:03,2021-09-27 21:30
251,a,R-1107,2021-09-28 13:00,2021-09-28 21:00
251,b,R-1107,2021-09-28 21:00,2021-09-29 10:48
252,a,R-1108,2021-09-29 14:00,2021-09-29 22:04
252,b,R-1108,2021-09-29 22:04,2021-09-30 11:05
253,a,R-1107,2021-09-30 17:30,2021-10-01 01:16
253,b,R-1107,2021-10-01 01:16,2021-10-01 16:00
254,a,R-1108,2021-10-02 14:30,2021-10-02 22:31
254,b,R-1108,2021-10-02 22:31,2021-10-03 13:40
255,a,R-1107,2021-10-03 07:05,2021-10-03 15:01
255,b,R-1107,2021-10-03 15:01,2021-10-04 04:30
256,a,R-1108,2021-10-04 12:00,2021-10-04 20:02
256,b,R-1108,2021-10-04 20:02,2021-10-05 09:40
257,a,R-1107,2021-10-05 17:00,2021-10-06 01:05
257,b,R-1107,2021-10-06 01:05,2021-10-06 14:25
258,a,R-1108,2021-10-06 10:00,2021-10-06 18:02
258,b,R-1108,2021-10-06 18:02,2021-10-07 08:00
259,a,R-1107,2021-10-07 17:00,2021-10-08 01:01
259,b,R-1107,2021-10-08 01:01,2021-10-08 16:00
260,a,R-1108,2021-10-08 18:30,2021-10-09 02:35
260,b,R-1108,2021-10-09 02:35,2021-10-09 17:30
261,a,R-1107,2021-10-09 17:00,2021-10-10 01:22
261,b,R-1107,2021-10-10 01:22,2021-10-10 16:00
262,a,R-1108,2021-10-10 13:12,2021-10-10 21:15
262,b,R-1108,2021-10-10 21:15,2021-10-11 11:35
263,a,R-1107,2021-10-11 11:00,2021-10-11 19:10
263,b,R-1107,2021-10-11 19:10,2021-10-12 10:20
264,a,R-1108,2021-10-12 17:00,2021-10-13 01:01
264,b,R-1108,2021-10-13 01:01,2021-10-14 00:15
265,a,R-1107,2021-10-14 01:00,2021-10-14 09:02
265,b,R-1107,2021-10-14 09:02,2021-10-14 22:30
266,a,R-1108,2021-10-14 17:00,2021-10-15 01:13
266,b,R-1108,2021-10-15 01:13,2021-10-15 16:10
267,a,R-1107,2021-10-15 15:05,2021-10-15 23:01
267,b,R-1107,2021-10-15 23:01,2021-10-16 15:00
268,a,R-1108,2021-10-16 11:00,2021-10-16 19:09
268,b,R-1108,2021-10-16 19:09,2021-10-17 10:45
269,a,R-1107,2021-10-17 18:30,2021-10-18 02:33
269,b,R-1107,2021-10-18 02:33,2021-10-18 18:00
270,a,R-1108,2021-10-18 18:30,2021-10-19 02:32
270,b,R-1108,2021-10-19 02:32,2021-10-19 17:50
271,a,R-1107,2021-10-19 22:32,2021-10-20 06:55
271,b,R-1107,2021-10-20 06:55,2021-10-20 20:55
272,a,R-1108,2021-10-20 11:45,2021-10-20 19:42
272,b,R-1108,2021-10-20 19:42,2021-10-21 10:00
273,a,R-1107,2021-10-21 18:30,2021-10-22 02:16
273,b,R-1107,2021-10-22 02:16,2021-10-22 16:20
274,a,R-1107,2021-11-14 05:30,2021-11-14 13:21
274,b,R-1107,2021-11-14 13:21,2021-11-15 03:23
275,a,R-1108,2021-11-15 06:00,2021-11-15 14:01
275,b,R-1108,2021-11-15 14:01,2021-11-16 04:00
276,a,R-1107,2021-11-16 05:40,2021-11-16 14:01
276,b,R-1107,2021-11-16 14:01,2021-11-17 03:40
277,a,R-1108,2021-11-17 03:00,2021-11-17 11:00
277,b,R-1108,2021-11-17 11:00,2021-11-18 01:15
278,a,R-1107,2021-11-18 05:20,2021-11-18 13:21
278,b,R-1107,2021-11-18 13:21,2021-11-19 02:35
279,a,R-1108,2021-11-19 05:30,2021-11-19 13:31
279,b,R-1108,2021-11-19 13:31,2021-11-20 03:30
280,a,R-1107,2021-11-20 08:00,2021-11-20 16:10
280,b,R-1107,2021-11-20 16:10,2021-11-21 05:45
281,a,R-1108,2021-11-21 00:00,2021-11-21 08:02
281,b,R-1108,2021-11-21 08:02,2021-11-21 22:00
282,a,R-1107,2021-11-22 03:50,2021-11-22 11:33
282,b,R-1107,2021-11-22 11:33,2021-11-23 01:33
283,a,R-1108,2021-11-23 00:00,2021-11-23 08:01
283,b,R-1108,2021-11-23 08:01,2021-11-23 22:04
284,a,R-1107,2021-11-24 02:10,2021-11-24 10:01
284,b,R-1107,2021-11-24 10:01,2021-11-25 00:40
285,a,R-1108,2021-11-25 02:40,2021-11-25 10:30
285,b,R-1108,2021-11-25 10:30,2021-11-26 00:46
286,a,R-1107,2021-11-26 03:10,2021-11-26 11:01
286,b,R-1107,2021-11-26 11:01,2021-11-27 00:00
287,a,R-1108,2021-11-27 04:20,2021-11-27 12:30
287,b,R-1108,2021-11-27 12:30,2021-11-28 01:40
288,a,R-1107,2021-11-28 02:30,2021-11-28 10:36
288,b,R-1107,2021-11-28 10:36,2021-11-29 01:50
289,a,R-1108,2021-11-29 03:30,2021-11-29 11:35
289,b,R-1108,2021-11-29 11:35,2021-11-30 02:40
290,a,R-1107,2021-11-30 04:40,2021-11-30 12:45
290,b,R-1107,2021-11-30 12:45,2021-12-01 03:10
291,a,R-1108,2021-11-30 22:45,2021-12-01 07:05
291,b,R-1108,2021-12-01 07:05,2021-12-01 21:00
292,a,R-1107,2021-12-02 04:50,2021-12-02 13:04
292,b,R-1107,2021-12-02 13:04,2021-12-03 03:15
293,a,R-1108,2021-12-03 02:40,2021-12-03 10:41
293,b,R-1108,2021-12-03 10:41,2021-12-04 01:10
294,a,R-1107,2021-12-04 02:30,2021-12-04 10:26
294,b,R-1107,2021-12-04 10:26,2021-12-05 01:00
295,a,R-1108,2021-12-05 21:00,2021-12-06 05:01
295,b,R-1108,2021-12-06 05:01,2021-12-06 19:25
296,a,R-1107,2021-12-06 16:00,2021-12-07 00:05
296,b,R-1107,2021-12-07 00:05,2021-12-07 13:50
297,a,R-1108,2021-12-07 20:30,2021-12-08 04:35
297,b,R-1108,2021-12-08 04:35,2021-12-08 19:00
298,a,R-1107,2021-12-08 19:00,2021-12-09 03:16
298,b,R-1107,2021-12-09 03:16,2021-12-09 18:15
299,a,R-1108,2021-12-09 16:30,2021-12-10 00:40
299,b,R-1108,2021-12-10 00:40,2021-12-10 15:00
300,a,R-1107,2021-12-10 16:30,2021-12-11 00:36
300,b,R-1107,2021-12-11 00:36,2021-12-11 15:00
301,a,R-1108,2021-12-11 17:00,2021-12-12 01:00
301,b,R-1108,2021-12-12 01:00,2021-12-12 15:30
302,a,R-1107,2021-12-12 17:00,2021-12-13 01:00
302,b,R-1107,2021-12-13 01:00,2021-12-13 15:40
303,a,R-1108,2021-12-13 23:10,2021-12-14 07:01
303,b,R-1108,2021-12-14 07:01,2021-12-14 21:10
304,a,R-1107,2021-12-14 15:00,2021-12-14 23:04
304,b,R-1107,2021-12-14 23:04,2021-12-15 13:10
305,a,R-1108,2021-12-15 18:30,2021-12-16 02:34
305,b,R-1108,2021-12-16 02:34,2021-12-16 16:45
306,a,R-1107,2021-12-16 16:00,2021-12-17 00:01
306,b,R-1107,2021-12-17 00:01,2021-12-17 14:20
307,a,R-1108,2021-12-17 16:30,2021-12-18 00:31
307,b,R-1108,2021-12-18 00:31,2021-12-18 14:21
308,a,R-1107,2021-12-18 16:00,2021-12-19 00:01
308,b,R-1107,2021-12-19 00:01,2021-12-19 13:30
309,a,R-1108,2021-12-19 21:32,2021-12-20 05:31
309,b,R-1108,2021-12-20 05:31,2021-12-20 20:15
310,a,R-1107,2021-12-20 18:35,2021-12-21 02:31
310,b,R-1107,2021-12-21 02:31,2021-12-21 16:20
311,a,R-1108,2021-12-21 16:20,2021-12-22 00:11
311,b,R-1108,2021-12-22 00:11,2021-12-22 13:10
312,a,R-1107,2021-12-22 16:00,2021-12-23 00:01
312,b,R-1107,2021-12-23 00:01,2021-12-23 14:00
313,a,R-1108,2021-12-23 16:00,2021-12-24 00:05
313,b,R-1108,2021-12-24 00:05,2021-12-24 14:10
314,a,R-1107,2021-12-25 02:30,2021-12-25 11:00
314,b,R-1107,2021-12-25 11:00,2021-12-26 01:15
315,a,R-1108,2021-12-26 04:45,2021-12-26 12:45
315,b,R-1108,2021-12-26 12:45,2021-12-27 03:36
316,a,R-1107,2021-12-27 05:40,2021-12-27 13:42
316,b,R-1107,2021-12-27 13:42,2021-12-28 03:50
317,a,R-1108,2021-12-28 05:20,2021-12-28 13:22
317,b,R-1108,2021-12-28 13:22,2021-12-29 03:30
318,a,R-1107,2021-12-29 04:40,2021-12-29 12:32
318,b,R-1107,2021-12-29 12:32,2021-12-30 01:40
319,a,R-1108,2021-12-30 04:15,2021-12-30 12:16
319,b,R-1108,2021-12-30 12:16,2021-12-31 02:00
320,a,R-1107,2021-12-31 04:15,2021-12-31 12:17
320,b,R-1107,2021-12-31 12:17,2022-01-01 02:10
321,a,R-1108,2022-01-01 04:34,2022-01-01 12:26
321,b,R-1108,2022-01-01 12:26,2022-01-02 02:37
322,a,R-1107,2022-01-02 04:30,2022-01-02 12:26
322,b,R-1107,2022-01-02 12:26,2022-01-03 02:20
323,a,R-1108,2022-01-03 06:10,2022-01-03 14:02
323,b,R-1108,2022-01-03 14:02,2022-01-04 04:20
324,a,R-1107,2022-01-04 05:00,2022-01-04 13:00
324,b,R-1107,2022-01-04 13:00,2022-01-05 02:55
325,a,R-1108,2022-01-05 07:30,2022-01-05 15:50
325,b,R-1108,2022-01-05 15:50,2022-01-06 04:55
326,a,R-1107,2022-01-06 04:30,2022-01-06 12:25
326,b,R-1107,2022-01-06 12:25,2022-01-07 03:00
327,a,R-1108,2022-01-07 05:40,2022-01-07 13:46
327,b,R-1108,2022-01-07 13:46,2022-01-08 04:30
328,a,R-1107,2022-01-08 10:40,2022-01-08 18:36
328,b,R-1107,2022-01-08 18:36,2022-01-09 09:53
329,a,R-1108,2022-01-09 02:30,2022-01-09 10:40
329,b,R-1108,2022-01-09 10:40,2022-01-10 01:30
330,a,R-1107,2022-01-10 02:30,2022-01-10 10:40
330,b,R-1107,2022-01-10 10:40,2022-01-11 00:40
331,a,R-1108,2022-01-11 02:30,2022-01-11 10:31
331,b,R-1108,2022-01-11 10:31,2022-01-12 00:30
332,a,R-1107,2022-01-12 01:00,2022-01-12 09:00
332,b,R-1107,2022-01-12 09:00,2022-01-13 09:55
333,a,R-1108,2022-01-13 01:00,2022-01-13 08:51
333,b,R-1108,2022-01-13 08:51,2022-01-14 00:00
334,a,R-1107,2022-01-14 12:30,2022-01-14 20:21
334,b,R-1107,2022-01-14 20:21,2022-01-15 10:45
335,a,R-1108,2022-01-15 12:30,2022-01-15 20:31
335,b,R-1108,2022-01-15 20:31,2022-01-16 10:10
336,a,R-1107,2022-01-16 14:00,2022-01-16 22:05
336,b,R-1107,2022-01-16 22:05,2022-01-17 10:50
337,a,R-1108,2022-01-17 18:30,2022-01-18 02:25
337,b,R-1108,2022-01-18 02:25,2022-01-18 18:45
338,a,R-1107,2022-01-18 18:30,2022-01-19 02:30
338,b,R-1107,2022-01-19 02:30,2022-01-19 17:00
339,a,R-1108,2022-01-19 19:00,2022-01-20 03:11
339,b,R-1108,2022-01-20 03:11,2022-01-20 18:40
340,a,R-1107,2022-01-20 21:10,2022-01-21 05:06
340,b,R-1107,2022-01-21 05:06,2022-01-21 19:40
341,a,R-1108,2022-01-21 21:10,2022-01-22 04:59
341,b,R-1108,2022-01-22 04:59,2022-01-22 19:30
342,a,R-1107,2022-01-22 20:45,2022-01-23 04:30
342,b,R-1107,2022-01-23 04:30,2022-01-23 19:05
343,a,R-1108,2022-01-23 20:30,2022-01-24 04:30
343,b,R-1108,2022-01-24 04:30,2022-01-24 19:30
344,a,R-1107,2022-01-24 20:30,2022-01-25 04:36
344,b,R-1107,2022-01-25 04:36,2022-01-25 19:35
345,a,R-1108,2022-01-25 21:00,2022-01-26 04:47
345,b,R-1108,2022-01-26 04:47,2022-01-26 19:30
346,a,R-1107,2022-01-26 20:40,2022-01-27 04:47
346,b,R-1107,2022-01-27 04:47,2022-01-27 19:30
347,a,R-1108,2022-01-27 22:30,2022-01-28 06:35
347,b,R-1108,2022-01-28 06:35,2022-01-28 20:40
348,a,R-1107,2022-01-29 02:30,2022-01-29 10:40
348,b,R-1107,2022-01-29 10:40,2022-01-30 01:50
349,a,R-1108,2022-01-30 00:30,2022-01-30 08:40
349,b,R-1108,2022-01-30 08:40,2022-01-30 22:20
350,a,R-1107,2022-01-30 22:30,2022-01-31 06:31
350,b,R-1107,2022-01-31 06:31,2022-01-31 20:05
351,a,R-1108,2022-02-01 00:00,2022-02-01 08:00
351,b,R-1108,2022-02-01 08:00,2022-02-01 22:20
352,a,R-1107,2022-02-01 22:40,2022-02-02 06:46
352,b,R-1107,2022-02-02 06:46,2022-02-02 20:50
353,a,R-1108,2022-02-02 20:10,2022-02-03 04:20
353,b,R-1108,2022-02-03 04:20,2022-02-03 17:10
354,a,R-1107,2022-02-05 12:15,2022-02-05 20:17
355,a,R-1108,2022-02-05 17:00,2022-02-06 01:10
354,b,R-1107,2022-02-05 20:17,2022-02-06 11:18
355,b,R-1108,2022-02-06 01:10,2022-02-06 14:10
356,a,R-1107,2022-02-07 03:58,2022-02-07 12:00
356,b,R-1107,2022-02-07 12:00,2022-02-08 02:00
357,a,R-1108,2022-02-07 17:00,2022-02-08 01:00
357,b,R-1108,2022-02-08 01:00,2022-02-08 15:00
358,a,R-1107,2022-02-10 12:50,2022-02-10 21:00
358,b,R-1107,2022-02-10 21:00,2022-02-11 11:00
359,a,R-1108,2022-02-11 16:20,2022-02-12 00:20
359,b,R-1108,2022-02-12 00:20,2022-02-12 14:25
360,a,R-1107,2022-02-12 12:30,2022-02-12 20:43
360,b,R-1107,2022-02-12 20:43,2022-02-13 11:43
361,a,R-1108,2022-02-13 13:15,2022-02-13 21:06
361,b,R-1108,2022-02-13 21:06,2022-02-14 10:03
362,a,R-1107,2022-02-14 09:00,2022-02-14 16:50
362,b,R-1107,2022-02-14 16:50,2022-02-15 06:00
363,a,R-1108,2022-02-15 09:00,2022-02-15 17:00
363,b,R-1108,2022-02-15 17:00,2022-02-16 06:30
364,a,R-1107,2022-02-16 13:05,2022-02-16 20:57
364,b,R-1107,2022-02-16 20:57,2022-02-17 11:43
365,a,R-1108,2022-02-17 14:40,2022-02-17 22:16
365,b,R-1108,2022-02-17 22:16,2022-02-18 12:00
366,a,R-1107,2022-02-18 10:30,2022-02-18 18:26
366,b,R-1107,2022-02-18 18:26,2022-02-19 08:30
367,a,R-1108,2022-02-19 15:45,2022-02-19 23:31
367,b,R-1108,2022-02-19 23:31,2022-02-20 14:12
368,a,R-1107,2022-02-20 10:30,2022-02-20 18:30
368,b,R-1107,2022-02-20 18:30,2022-02-21 08:55
369,a,R-1108,2022-02-21 13:25,2022-02-21 21:21
369,b,R-1108,2022-02-21 21:21,2022-02-22 11:15
370,a,R-1107,2022-02-22 14:00,2022-02-22 22:05
370,b,R-1107,2022-02-22 22:05,2022-02-23 12:30
371,a,R-1108,2022-02-23 13:00,2022-02-23 21:01
371,b,R-1108,2022-02-23 21:01,2022-02-24 09:50
372,a,R-1107,2022-02-24 15:00,2022-02-24 23:05
372,b,R-1107,2022-02-24 23:05,2022-02-25 13:36
373,a,R-1108,2022-02-25 13:30,2022-02-25 21:31
373,b,R-1108,2022-02-25 21:31,2022-02-26 11:15
374,a,R-1107,2022-02-26 13:30,2022-02-26 21:31
374,b,R-1107,2022-02-26 21:31,2022-02-27 10:35
375,a,R-1108,2022-02-27 12:30,2022-02-27 20:45
375,b,R-1108,2022-02-27 20:45,2022-02-28 11:10
376,a,R-1107,2022-02-28 12:30,2022-02-28 20:45
376,b,R-1107,2022-02-28 20:45,2022-03-01 10:50
377,a,R-1108,2022-03-02 03:00,2022-03-02 11:01
378,a,R-1107,2022-03-02 10:30,2022-03-02 18:40
377,b,R-1108,2022-03-02 11:01,2022-03-02 23:30
378,b,R-1107,2022-03-02 18:40,2022-03-03 13:55
379,a,R-1108,2022-03-03 18:30,2022-03-04 02:16
379,b,R-1108,2022-03-04 02:16,2022-03-04 16:00
380,a,R-1107,2022-03-04 12:50,2022-03-04 20:40
380,b,R-1107,2022-03-04 20:40,2022-03-05 12:00
381,a,R-1107,2022-03-05 12:00,2022-03-05 20:00
381,b,R-1107,2022-03-05 20:00,2022-03-06 13:07
382,a,R-1107,2022-03-06 13:00,2022-03-06 20:51
382,b,R-1107,2022-03-06 20:51,2022-03-07 12:50
383,a,R-1108,2022-03-07 10:30,2022-03-07 18:20
383,b,R-1108,2022-03-07 18:20,2022-03-08 07:30
384,a,R-1107,2022-03-08 10:50,2022-03-08 18:40
384,b,R-1107,2022-03-08 18:40,2022-03-09 13:05
385,a,R-1108,2022-03-10 05:50,2022-03-10 14:01
386,a,R-1107,2022-03-10 10:30,2022-03-10 18:31
385,b,R-1108,2022-03-10 14:01,2022-03-11 02:40
386,b,R-1107,2022-03-10 18:31,2022-03-11 08:02
387,a,R-1108,2022-03-11 21:00,2022-03-12 05:01
387,b,R-1108,2022-03-12 05:01,2022-03-12 19:24
388,a,R-1107,2022-03-12 14:30,2022-03-12 22:31
388,b,R-1107,2022-03-12 22:31,2022-03-13 12:10
389,a,R-1108,2022-03-13 12:50,2022-03-13 20:56
389,b,R-1108,2022-03-13 20:56,2022-03-14 16:00
390,a,R-1107,2022-03-14 10:10,2022-03-14 17:50
390,b,R-1107,2022-03-14 17:50,2022-03-15 08:00
391,a,R-1108,2022-03-15 13:00,2022-03-15 21:01
391,b,R-1108,2022-03-15 21:01,2022-03-16 10:36
392,a,R-1107,2022-03-16 13:00,2022-03-16 21:01
392,b,R-1107,2022-03-16 21:01,2022-03-17 11:10
393,a,R-1108,2022-03-17 16:00,2022-03-18 00:05
393,b,R-1108,2022-03-18 00:05,2022-03-18 14:00
394,a,R-1107,2022-03-18 08:20,2022-03-18 16:21
394,b,R-1107,2022-03-18 16:21,2022-03-19 06:10
395,a,R-1108,2022-03-19 13:30,2022-03-19 21:40
395,b,R-1108,2022-03-19 21:40,2022-03-20 12:00
396,a,R-1107,2022-03-20 11:00,2022-03-20 19:05
396,b,R-1107,2022-03-20 19:05,2022-03-21 09:30
397,a,R-1108,2022-03-21 13:00,2022-03-21 21:10
397,b,R-1108,2022-03-21 21:10,2022-03-22 14:35
398,a,R-1107,2022-03-22 23:00,2022-03-23 07:01
398,b,R-1107,2022-03-23 07:01,2022-03-23 20:35
399,a,R-1108,2022-03-24 01:00,2022-03-24 09:01
399,b,R-1108,2022-03-24 09:01,2022-03-24 22:50
400,a,R-1107,2022-03-24 21:00,2022-03-25 04:46
400,b,R-1107,2022-03-25 04:46,2022-03-25 19:00
401,a,R-1108,2022-03-25 23:00,2022-03-26 07:01
401,b,R-1108,2022-03-26 07:01,2022-03-26 20:40
402,a,R-1107,2022-03-26 20:00,2022-03-27 04:00
402,b,R-1107,2022-03-27 04:00,2022-03-27 17:01
403,a,R-1108,2022-03-27 22:58,2022-03-28 07:05
403,b,R-1108,2022-03-28 07:05,2022-03-28 20:45
404,a,R-1107,2022-03-28 16:09,2022-03-29 00:11
404,b,R-1107,2022-03-29 00:11,2022-03-29 13:05
405,a,R-1108,2022-03-30 00:00,2022-03-30 08:05
405,b,R-1108,2022-03-30 08:05,2022-03-30 22:00
406,a,R-1107,2022-03-31 00:00,2022-03-31 08:05
406,b,R-1107,2022-03-31 08:05,2022-03-31 20:54
407,a,R-1108,2022-04-01 05:00,2022-04-01 12:56
407,b,R-1108,2022-04-01 12:56,2022-04-02 02:11
408,a,R-1107,2022-04-02 01:00,2022-04-02 08:46
408,b,R-1107,2022-04-02 08:46,2022-04-02 22:35
409,a,R-1108,2022-04-02 21:00,2022-04-03 05:05
409,b,R-1108,2022-04-03 05:05,2022-04-03 19:15
410,a,R-1107,2022-04-03 21:30,2022-04-04 05:40
410,b,R-1107,2022-04-04 05:40,2022-04-04 19:45
411,a,R-1108,2022-04-04 20:40,2022-04-05 04:45
411,b,R-1108,2022-04-05 04:45,2022-04-05 17:50
412,a,R-1107,2022-04-05 19:10,2022-04-06 03:25
412,b,R-1107,2022-04-06 03:25,2022-04-06 17:10
413,a,R-1108,2022-04-06 18:30,2022-04-07 02:45
413,b,R-1108,2022-04-07 02:45,2022-04-07 16:50
414,a,R-1107,2022-04-08 19:45,2022-04-09 03:36
414,b,R-1107,2022-04-09 03:36,2022-04-09 19:00
415,a,R-1108,2022-04-09 21:00,2022-04-10 04:45
415,b,R-1108,2022-04-10 04:45,2022-04-10 19:02
416,a,R-1107,2022-04-10 21:00,2022-04-11 04:40
416,b,R-1107,2022-04-11 04:40,2022-04-11 19:40
417,a,R-1108,2022-04-12 02:30,2022-04-12 10:31
417,b,R-1108,2022-04-12 10:31,2022-04-13 01:24
418,a,R-1107,2022-04-12 19:30,2022-04-13 03:32
418,b,R-1107,2022-04-13 03:32,2022-04-13 19:10
419,a,R-1108,2022-04-13 19:30,2022-04-14 03:33
419,b,R-1108,2022-04-14 03:33,2022-04-14 17:15
420,a,R-1107,2022-04-15 02:30,2022-04-15 10:31
420,b,R-1107,2022-04-15 10:31,2022-04-16 01:20
421,a,R-1108,2022-04-15 20:30,2022-04-16 04:22
421,b,R-1108,2022-04-16 04:22,2022-04-16 17:17
422,a,R-1107,2022-04-16 20:35,2022-04-17 04:46
422,b,R-1107,2022-04-17 04:46,2022-04-17 20:00
423,a,R-1108,2022-04-17 20:00,2022-04-18 04:02
423,b,R-1108,2022-04-18 04:02,2022-04-18 18:56
424,a,R-1107,2022-04-18 20:00,2022-04-19 04:01
424,b,R-1107,2022-04-19 04:01,2022-04-19 19:28
425,a,R-1108,2022-04-19 22:35,2022-04-20 06:35
425,b,R-1108,2022-04-20 06:35,2022-04-20 21:00
426,a,R-1107,2022-04-21 00:00,2022-04-21 07:50
426,b,R-1107,2022-04-21 07:50,2022-04-21 21:55
427,a,R-1108,2022-04-21 20:30,2022-04-22 04:31
427,b,R-1108,2022-04-22 04:31,2022-04-22 19:35
428,a,R-1107,2022-04-22 21:00,2022-04-23 05:10
428,b,R-1107,2022-04-23 05:10,2022-04-23 19:30
429,a,R-1108,2022-04-24 00:00,2022-04-24 07:50
429,b,R-1108,2022-04-24 07:50,2022-04-24 21:55
430,a,R-1107,2022-04-24 21:20,2022-04-25 05:30
430,b,R-1107,2022-04-25 05:30,2022-04-25 20:40
431,a,R-1108,2022-04-25 19:00,2022-04-26 03:05
431,b,R-1108,2022-04-26 03:05,2022-04-26 17:35
432,a,R-1107,2022-04-26 18:40,2022-04-27 02:50
432,b,R-1107,2022-04-27 02:50,2022-04-27 17:23
433,a,R-1108,2022-04-27 21:30,2022-04-28 05:22
433,b,R-1108,2022-04-28 05:22,2022-04-28 19:44
434,a,R-1107,2022-04-28 21:00,2022-04-29 05:10
434,b,R-1107,2022-04-29 05:10,2022-04-29 20:00
435,a,R-1108,2022-04-29 21:30,2022-04-30 05:21
435,b,R-1108,2022-04-30 05:21,2022-04-30 19:50
436,a,R-1107,2022-04-30 23:00,2022-05-01 07:05
436,b,R-1107,2022-05-01 07:05,2022-05-01 19:58
437,a,R-1108,2022-05-01 17:00,2022-05-02 01:00
437,b,R-1108,2022-05-02 01:00,2022-05-02 16:00
438,a,R-1107,2022-05-03 00:30,2022-05-03 08:31
438,b,R-1107,2022-05-03 08:31,2022-05-03 21:25
439,a,R-1108,2022-05-03 20:40,2022-05-04 04:36
439,b,R-1108,2022-05-04 04:36,2022-05-04 17:45
440,a,R-1107,2022-05-04 19:10,2022-05-05 03:11
440,b,R-1107,2022-05-05 03:11,2022-05-05 17:05
441,a,R-1108,2022-05-05 20:00,2022-05-06 04:00
441,b,R-1108,2022-05-06 04:00,2022-05-06 17:55
442,a,R-1107,2022-05-07 10:40,2022-05-07 18:32
442,b,R-1107,2022-05-07 18:32,2022-05-08 09:10
443,a,R-1108,2022-05-08 11:10,2022-05-08 19:06
443,b,R-1108,2022-05-08 19:06,2022-05-09 11:00
444,a,R-1107,2022-05-09 15:00,2022-05-09 23:01
444,b,R-1107,2022-05-09 23:01,2022-05-10 13:10
445,a,R-1108,2022-05-10 09:00,2022-05-10 17:02
445,b,R-1108,2022-05-10 17:02,2022-05-11 06:12
446,a,R-1107,2022-05-11 14:15,2022-05-11 22:16
446,b,R-1107,2022-05-11 22:16,2022-05-12 13:00
447,a,R-1108,2022-05-12 10:30,2022-05-12 18:31
447,b,R-1108,2022-05-12 18:31,2022-05-13 09:30
448,a,R-1107,2022-05-13 10:30,2022-05-13 18:31
448,b,R-1107,2022-05-13 18:31,2022-05-14 16:00
449,a,R-1108,2022-05-14 14:00,2022-05-14 22:05
449,b,R-1108,2022-05-14 22:05,2022-05-15 12:45
450,a,R-1107,2022-05-15 15:00,2022-05-15 23:05
450,b,R-1107,2022-05-15 23:05,2022-05-16 13:15
451,a,R-1108,2022-05-16 13:30,2022-05-16 21:31
451,b,R-1108,2022-05-16 21:31,2022-05-17 11:00
452,a,R-1107,2022-05-18 05:30,2022-05-18 13:34
453,a,R-1108,2022-05-18 11:00,2022-05-18 19:10
452,b,R-1107,2022-05-18 13:34,2022-05-19 03:55
453,b,R-1108,2022-05-18 19:10,2022-05-19 10:10
454,a,R-1107,2022-05-19 21:00,2022-05-20 04:50
454,b,R-1107,2022-05-20 04:50,2022-05-20 19:04
455,a,R-1108,2022-05-21 05:20,2022-05-21 13:21
455,b,R-1108,2022-05-21 13:21,2022-05-22 02:30
456,a,R-1107,2022-05-22 11:00,2022-05-22 19:06
456,b,R-1107,2022-05-22 19:06,2022-05-23 09:30
457,a,R-1108,2022-05-23 07:30,2022-05-23 15:23
457,b,R-1108,2022-05-23 15:23,2022-05-24 04:15
458,a,R-1107,2022-05-24 08:15,2022-05-24 16:00
458,b,R-1107,2022-05-24 16:00,2022-05-25 06:00
459,a,R-1108,2022-05-25 02:30,2022-05-25 10:31
459,b,R-1108,2022-05-25 10:31,2022-05-26 00:00
460,a,R-1107,2022-05-26 02:30,2022-05-26 10:45
460,b,R-1107,2022-05-26 10:45,2022-05-27 00:00
461,a,R-1108,2022-05-27 04:30,2022-05-27 12:40
461,b,R-1108,2022-05-27 12:40,2022-05-28 02:35
462,a,R-1107,2022-05-28 02:30,2022-05-28 10:40
462,b,R-1107,2022-05-28 10:40,2022-05-29 00:10
463,a,R-1108,2022-05-29 06:15,2022-05-29 14:16
463,b,R-1108,2022-05-29 14:16,2022-05-30 04:45
464,a,R-1107,2022-05-30 05:20,2022-05-30 13:35
464,b,R-1107,2022-05-30 13:35,2022-05-31 03:15
465,a,R-1108,2022-05-31 02:30,2022-05-31 10:21
465,b,R-1108,2022-05-31 10:21,2022-06-01 00:00
466,a,R-1107,2022-06-01 05:00,2022-06-01 13:21
466,b,R-1107,2022-06-01 13:21,2022-06-02 03:45
467,a,R-1108,2022-06-02 01:00,2022-06-02 08:51
467,b,R-1108,2022-06-02 08:51,2022-06-03 00:00
468,a,R-1107,2022-06-03 05:00,2022-06-03 12:51
468,b,R-1107,2022-06-03 12:51,2022-06-04 02:50
469,a,R-1108,2022-06-04 02:30,2022-06-04 10:16
469,b,R-1108,2022-06-04 10:16,2022-06-05 01:10
470,a,R-1107,2022-06-05 02:30,2022-06-05 10:26
470,b,R-1107,2022-06-05 10:26,2022-06-06 00:40
471,a,R-1108,2022-06-06 02:30,2022-06-06 10:26
471,b,R-1108,2022-06-06 10:26,2022-06-07 00:50
472,a,R-1107,2022-06-07 01:00,2022-06-07 09:00
472,b,R-1107,2022-06-07 09:00,2022-06-08 00:00
473,a,R-1108,2022-06-08 04:10,2022-06-08 12:01
473,b,R-1108,2022-06-08 12:01,2022-06-09 03:00
474,a,R-1107,2022-06-09 09:20,2022-06-09 17:46
474,b,R-1107,2022-06-09 17:46,2022-06-10 08:00
475,a,R-1108,2022-06-10 02:30,2022-06-10 10:31
475,b,R-1108,2022-06-10 10:31,2022-06-11 00:00
476,a,R-1107,2022-06-11 05:00,2022-06-11 13:01
476,b,R-1107,2022-06-11 13:01,2022-06-12 02:24
477,a,R-1108,2022-06-12 02:30,2022-06-12 10:31
477,b,R-1108,2022-06-12 10:31,2022-06-13 00:00
478,a,R-1107,2022-06-13 03:00,2022-06-13 11:01
478,b,R-1107,2022-06-13 11:01,2022-06-14 00:30
479,a,R-1108,2022-06-14 06:10,2022-06-14 14:11
479,b,R-1108,2022-06-14 14:11,2022-06-15 04:30
480,a,R-1107,2022-06-15 02:30,2022-06-15 10:45
480,b,R-1107,2022-06-15 10:45,2022-06-16 00:00
481,a,R-1108,2022-06-16 04:15,2022-06-16 12:25
481,b,R-1108,2022-06-16 12:25,2022-06-17 02:25
482,a,R-1107,2022-06-17 09:00,2022-06-17 17:00
482,b,R-1107,2022-06-17 17:00,2022-06-18 08:00
483,a,R-1108,2022-06-18 05:40,2022-06-18 13:50
483,b,R-1108,2022-06-18 13:50,2022-06-19 03:10
484,a,R-1107,2022-06-19 04:30,2022-06-19 12:45
484,b,R-1107,2022-06-19 12:45,2022-06-20 02:22
485,a,R-1108,2022-06-23 02:30,2022-06-23 10:21
485,b,R-1108,2022-06-23 10:21,2022-06-24 00:59
486,a,R-1107,2022-06-24 02:30,2022-06-24 10:21
486,b,R-1107,2022-06-24 10:21,2022-06-25 01:00
487,a,R-1108,2022-06-25 02:30,2022-06-25 10:47
487,b,R-1108,2022-06-25 10:47,2022-06-26 00:55
488,a,R-1107,2022-06-26 02:30,2022-06-26 10:30
488,b,R-1107,2022-06-26 10:30,2022-06-27 00:50
489,a,R-1108,2022-06-27 02:30,2022-06-27 10:30
489,b,R-1108,2022-06-27 10:30,2022-06-28 00:00
490,a,R-1107,2022-06-28 02:30,2022-06-28 10:31
490,b,R-1107,2022-06-28 10:31,2022-06-29 00:00
491,a,R-1108,2022-06-29 00:30,2022-06-29 08:32
491,b,R-1108,2022-06-29 08:32,2022-06-29 22:40
492,a,R-1107,2022-06-30 05:00,2022-06-30 13:01
492,b,R-1107,2022-06-30 13:01,2022-07-01 02:57
493,a,R-1108,2022-07-01 02:30,2022-07-01 10:21
493,b,R-1108,2022-07-01 10:21,2022-07-02 01:25
494,a,R-1107,2022-07-02 01:40,2022-07-02 09:31
494,b,R-1107,2022-07-02 09:31,2022-07-03 01:25
495,a,R-1108,2022-07-03 00:30,2022-07-03 08:31
495,b,R-1108,2022-07-03 08:31,2022-07-03 21:55
496,a,R-1107,2022-07-04 02:30,2022-07-04 10:31
496,b,R-1107,2022-07-04 10:31,2022-07-05 00:00
497,a,R-1108,2022-07-05 02:30,2022-07-05 10:45
497,b,R-1108,2022-07-05 10:45,2022-07-06 00:00
498,a,R-1107,2022-07-06 02:30,2022-07-06 10:45
498,b,R-1107,2022-07-06 10:45,2022-07-07 01:45
499,a,R-1108,2022-07-07 03:05,2022-07-07 10:45
499,b,R-1108,2022-07-07 10:45,2022-07-08 02:20
500,a,R-1107,2022-07-08 02:30,2022-07-08 10:45
500,b,R-1107,2022-07-08 10:45,2022-07-09 01:45
501,a,R-1108,2022-07-09 03:00,2022-07-09 10:45
501,b,R-1108,2022-07-09 10:45,2022-07-10 01:20
502,a,R-1107,2022-07-10 02:30,2022-07-10 10:31
502,b,R-1107,2022-07-10 10:31,2022-07-11 00:00
503,a,R-1108,2022-07-11 03:00,2022-07-11 10:31
503,b,R-1108,2022-07-11 10:31,2022-07-12 00:50
504,a,R-1107,2022-07-12 02:30,2022-07-12 10:30
504,b,R-1107,2022-07-12 10:30,2022-07-13 04:57
505,a,R-1108,2022-07-13 13:00,2022-07-13 21:01
505,b,R-1108,2022-07-13 21:01,2022-07-14 10:30
506,a,R-1107,2022-07-14 04:38,2022-07-14 12:30
506,b,R-1107,2022-07-14 12:30,2022-07-15 02:35
507,a,R-1108,2022-07-15 03:00,2022-07-15 10:30
507,b,R-1108,2022-07-15 10:30,2022-07-16 00:50
508,a,R-1107,2022-07-16 02:30,2022-07-16 10:30
508,b,R-1107,2022-07-16 10:30,2022-07-17 01:00
509,a,R-1108,2022-07-17 03:00,2022-07-17 10:31
509,b,R-1108,2022-07-17 10:31,2022-07-18 00:00
510,a,R-1107,2022-07-18 02:30,2022-07-18 10:31
510,b,R-1107,2022-07-18 10:31,2022-07-19 00:00
511,a,R-1108,2022-07-19 02:30,2022-07-19 10:31
511,b,R-1108,2022-07-19 10:31,2022-07-20 01:17
512,a,R-1107,2022-07-20 02:30,2022-07-20 10:31
512,b,R-1107,2022-07-20 10:31,2022-07-21 01:00
513,a,R-1108,2022-07-21 02:30,2022-07-21 10:31
513,b,R-1108,2022-07-21 10:31,2022-07-22 01:03
514,a,R-1107,2022-07-22 02:30,2022-07-22 10:31
514,b,R-1107,2022-07-22 10:31,2022-07-23 00:00
515,a,R-1108,2022-07-23 03:00,2022-07-23 10:31
515,b,R-1108,2022-07-23 10:31,2022-07-24 00:00
516,a,R-1107,2022-07-24 02:30,2022-07-24 10:31
516,b,R-1107,2022-07-24 10:31,2022-07-25 00:00
517,a,R-1108,2022-07-25 03:00,2022-07-25 10:36
517,b,R-1108,2022-07-25 10:36,2022-07-26 00:00
518,a,R-1107,2022-07-26 02:30,2022-07-26 10:45
518,b,R-1107,2022-07-26 10:45,2022-07-27 00:00
519,a,R-1108,2022-07-27 02:30,2022-07-27 10:36
519,b,R-1108,2022-07-27 10:36,2022-07-28 00:00
520,a,R-1107,2022-07-28 01:00,2022-07-28 09:01
520,b,R-1107,2022-07-28 09:01,2022-07-28 22:15
521,a,R-1108,2022-07-29 03:05,2022-07-29 10:41
521,b,R-1108,2022-07-29 10:41,2022-07-30 00:00
522,a,R-1107,2022-07-30 02:30,2022-07-30 10:30
522,b,R-1107,2022-07-30 10:30,2022-07-31 00:57
523,a,R-1108,2022-07-31 03:00,2022-07-31 10:30
523,b,R-1108,2022-07-31 10:30,2022-08-01 01:45
524,a,R-1107,2022-07-31 23:30,2022-08-01 07:20
524,b,R-1107,2022-08-01 07:20,2022-08-02 01:00
525,a,R-1108,2022-08-02 03:00,2022-08-02 10:10
525,b,R-1108,2022-08-02 10:10,2022-08-03 00:35
526,a,R-1107,2022-08-03 10:30,2022-08-03 18:31
526,b,R-1107,2022-08-03 18:31,2022-08-04 08:00
527,a,R-1108,2022-08-04 08:30,2022-08-04 16:01
527,b,R-1108,2022-08-04 16:01,2022-08-05 05:30
528,a,R-1107,2022-08-05 10:30,2022-08-05 18:31
528,b,R-1107,2022-08-05 18:31,2022-08-06 08:00
529,a,R-1108,2022-08-06 11:00,2022-08-06 18:40
529,b,R-1108,2022-08-06 18:40,2022-08-07 08:45
530,a,R-1107,2022-08-07 14:30,2022-08-07 22:36
530,b,R-1107,2022-08-07 22:36,2022-08-08 14:10
531,a,R-1108,2022-08-08 11:00,2022-08-08 18:53
531,b,R-1108,2022-08-08 18:53,2022-08-09 08:00
532,a,R-1107,2022-08-09 10:30,2022-08-09 18:40
532,b,R-1107,2022-08-09 18:40,2022-08-10 08:00
533,a,R-1108,2022-08-10 11:00,2022-08-10 18:40
533,b,R-1108,2022-08-10 18:40,2022-08-11 08:00
534,a,R-1107,2022-08-11 10:30,2022-08-11 18:20
534,b,R-1107,2022-08-11 18:20,2022-08-12 08:00
535,a,R-1108,2022-08-12 20:30,2022-08-13 04:01
535,b,R-1108,2022-08-13 04:01,2022-08-13 18:30
536,a,R-1107,2022-08-13 13:00,2022-08-13 20:45
536,b,R-1107,2022-08-13 20:45,2022-08-14 10:06
537,a,R-1108,2022-08-14 11:00,2022-08-14 18:20
537,b,R-1108,2022-08-14 18:20,2022-08-15 08:00
538,a,R-1107,2022-08-15 10:30,2022-08-15 18:20
538,b,R-1107,2022-08-15 18:20,2022-08-16 08:00
539,a,R-1108,2022-08-16 08:00,2022-08-16 15:31
539,b,R-1108,2022-08-16 15:31,2022-08-17 05:00
540,a,R-1107,2022-08-17 10:30,2022-08-17 18:20
540,b,R-1107,2022-08-17 18:20,2022-08-18 08:00
541,a,R-1108,2022-08-18 11:00,2022-08-18 18:31
541,b,R-1108,2022-08-18 18:31,2022-08-19 08:50
542,a,R-1107,2022-08-19 10:30,2022-08-19 18:31
542,b,R-1107,2022-08-19 18:31,2022-08-20 08:46
543,a,R-1108,2022-08-20 09:00,2022-08-20 17:01
543,b,R-1108,2022-08-20 17:01,2022-08-21 06:30
544,a,R-1107,2022-08-21 10:30,2022-08-21 18:31
544,b,R-1107,2022-08-21 18:31,2022-08-22 08:00
545,a,R-1108,2022-08-22 11:00,2022-08-22 18:31
545,b,R-1108,2022-08-22 18:31,2022-08-23 09:00
546,a,R-1107,2022-08-23 15:00,2022-08-23 23:05
546,b,R-1107,2022-08-23 23:05,2022-08-24 13:00
547,a,R-1108,2022-08-24 11:00,2022-08-24 18:31
547,b,R-1108,2022-08-24 18:31,2022-08-25 08:00
548,a,R-1107,2022-08-25 10:30,2022-08-25 18:31
548,b,R-1107,2022-08-25 18:31,2022-08-26 08:00
549,a,R-1108,2022-08-26 11:00,2022-08-26 18:40
549,b,R-1108,2022-08-26 18:40,2022-08-27 08:00
550,a,R-1107,2022-08-27 10:30,2022-08-27 18:40
550,b,R-1107,2022-08-27 18:40,2022-08-28 08:00
551,a,R-1108,2022-08-28 11:00,2022-08-28 18:40
551,b,R-1108,2022-08-28 18:40,2022-08-29 08:00
552,a,R-1107,2022-08-29 10:30,2022-08-29 18:40
552,b,R-1107,2022-08-29 18:40,2022-08-30 08:00
553,a,R-1108,2022-08-30 11:00,2022-08-30 19:05
553,b,R-1108,2022-08-30 19:05,2022-08-31 08:00
554,a,R-1107,2022-08-31 09:00,2022-08-31 17:00
554,b,R-1107,2022-08-31 17:00,2022-09-01 06:00
555,a,R-1108,2022-09-01 17:30,2022-09-02 01:00
555,b,R-1108,2022-09-02 01:00,2022-09-02 16:00
556,a,R-1107,2022-09-02 10:30,2022-09-02 18:25
556,b,R-1107,2022-09-02 18:25,2022-09-03 08:00
557,a,R-1108,2022-09-23 09:30,2022-09-23 16:50
557,b,R-1108,2022-09-23 16:50,2022-09-24 08:00
558,a,R-1107,2022-09-24 08:00,2022-09-24 16:00
558,b,R-1107,2022-09-24 16:00,2022-09-25 06:15
559,a,R-1108,2022-09-25 09:30,2022-09-25 17:01
559,b,R-1108,2022-09-25 17:01,2022-09-26 08:00
560,a,R-1107,2022-09-26 08:00,2022-09-26 16:10
560,b,R-1107,2022-09-26 16:10,2022-09-27 08:00
561,a,R-1504,2022-09-26 22:19,2022-09-27 06:25
561,b,R-1504,2022-09-27 06:25,2022-09-27 20:00
562,a,R-1108,2022-09-27 13:00,2022-09-27 20:30
563,a,R-1506,2022-09-27 18:00,2022-09-28 01:35
562,b,R-1108,2022-09-27 20:30,2022-09-28 10:10
563,b,R-1506,2022-09-28 01:35,2022-09-28 16:00
564,a,R-1107,2022-09-28 13:28,2022-09-28 21:30
565,a,R-1504,2022-09-28 14:30,2022-09-28 23:02
564,b,R-1107,2022-09-28 21:30,2022-09-29 11:10
565,b,R-1504,2022-09-28 23:02,2022-09-30 00:00
566,a,R-1108,2022-09-29 09:00,2022-09-29 16:31
566,b,R-1108,2022-09-29 16:31,2022-09-30 08:00
567,a,R-1107,2022-09-30 16:00,2022-10-01 00:10
567,b,R-1107,2022-10-01 00:10,2022-10-01 16:00
568,a,R-1108,2022-10-01 15:00,2022-10-01 22:35
568,b,R-1108,2022-10-01 22:35,2022-10-02 12:10
569,a,R-1107,2022-10-02 08:00,2022-10-02 16:01
569,b,R-1107,2022-10-02 16:01,2022-10-03 08:00
570,a,R-1108,2022-10-03 19:00,2022-10-04 02:40
570,b,R-1108,2022-10-04 02:40,2022-10-04 16:00
571,a,R-1107,2022-10-04 21:30,2022-10-05 05:10
571,b,R-1107,2022-10-05 05:10,2022-10-05 20:03
572,a,R-1108,2022-10-05 17:30,2022-10-06 01:00
572,b,R-1108,2022-10-06 01:00,2022-10-06 16:00
573,a,R-1107,2022-10-06 19:00,2022-10-07 02:50
573,b,R-1107,2022-10-07 02:50,2022-10-07 18:20
574,a,R-1108,2022-10-07 17:30,2022-10-08 01:00
574,b,R-1108,2022-10-08 01:00,2022-10-08 16:00
575,a,R-1107,2022-10-08 18:40,2022-10-09 02:40
575,b,R-1107,2022-10-09 02:40,2022-10-09 16:20
576,a,R-1108,2022-10-09 17:30,2022-10-10 01:00
576,b,R-1108,2022-10-10 01:00,2022-10-10 16:00
577,a,R-1107,2022-10-10 16:00,2022-10-11 00:01
577,b,R-1107,2022-10-11 00:01,2022-10-11 16:00
578,a,R-1108,2022-10-11 16:40,2022-10-12 00:06
578,b,R-1108,2022-10-12 00:06,2022-10-12 16:00
579,a,R-1107,2022-10-12 16:10,2022-10-13 00:06
579,b,R-1107,2022-10-13 00:06,2022-10-13 16:00
580,a,R-1108,2022-10-13 17:30,2022-10-14 01:01
580,b,R-1108,2022-10-14 01:01,2022-10-14 16:00
581,a,R-1107,2022-10-14 16:00,2022-10-15 00:01
581,b,R-1107,2022-10-15 00:01,2022-10-15 13:15
582,a,R-1108,2022-10-15 16:40,2022-10-16 00:11
582,b,R-1108,2022-10-16 00:11,2022-10-16 13:03
583,a,R-1107,2022-10-16 21:00,2022-10-17 05:01
583,b,R-1107,2022-10-17 05:01,2022-10-17 18:00
584,a,R-1108,2022-10-18 04:00,2022-10-18 11:26
584,b,R-1108,2022-10-18 11:26,2022-10-19 01:50
585,a,R-1107,2022-10-19 02:40,2022-10-19 10:30
585,b,R-1107,2022-10-19 10:30,2022-10-20 03:55
586,a,R-1108,2022-10-20 01:30,2022-10-20 08:56
586,b,R-1108,2022-10-20 08:56,2022-10-21 00:00
587,a,R-1107,2022-10-21 01:00,2022-10-21 09:00
587,b,R-1107,2022-10-21 09:00,2022-10-22 00:00
588,a,R-1108,2022-10-22 03:00,2022-10-22 10:20
588,b,R-1108,2022-10-22 10:20,2022-10-23 00:10
589,a,R-1107,2022-10-23 08:00,2022-10-23 16:01
589,b,R-1107,2022-10-23 16:01,2022-10-24 05:25
590,a,R-1108,2022-10-24 03:00,2022-10-24 10:32
590,b,R-1108,2022-10-24 10:32,2022-10-25 00:35
591,a,R-1107,2022-10-25 02:30,2022-10-25 10:30
591,b,R-1107,2022-10-25 10:30,2022-10-26 00:30
592,a,R-1108,2022-10-26 01:30,2022-10-26 09:00
592,b,R-1108,2022-10-26 09:00,2022-10-27 00:00
593,a,R-1107,2022-10-27 01:00,2022-10-27 09:00
593,b,R-1107,2022-10-27 09:00,2022-10-28 00:00
594,a,R-1108,2022-10-28 02:30,2022-10-28 10:31
594,b,R-1108,2022-10-28 10:31,2022-10-29 01:00
595,a,R-1107,2022-10-29 04:00,2022-10-29 12:01
595,b,R-1107,2022-10-29 12:01,2022-10-30 02:00
596,a,R-1108,2022-10-30 09:30,2022-10-30 16:50
596,b,R-1108,2022-10-30 16:50,2022-10-31 08:00
597,a,R-1107,2022-10-31 10:32,2022-10-31 18:20
597,b,R-1107,2022-10-31 18:20,2022-11-01 09:18
598,a,R-1108,2022-11-01 12:45,2022-11-01 20:06
598,b,R-1108,2022-11-01 20:06,2022-11-02 10:28
599,a,R-1107,2022-11-02 13:00,2022-11-02 20:46
599,b,R-1107,2022-11-02 20:46,2022-11-03 09:56
600,a,R-1108,2022-11-04 06:30,2022-11-04 14:01
600,b,R-1108,2022-11-04 14:01,2022-11-05 03:30
601,a,R-1107,2022-11-05 02:30,2022-11-05 10:40
601,b,R-1107,2022-11-05 10:40,2022-11-06 01:30
602,a,R-1108,2022-11-06 03:00,2022-11-06 10:40
602,b,R-1108,2022-11-06 10:40,2022-11-07 01:00
603,a,R-1107,2022-11-07 03:30,2022-11-07 11:20
603,b,R-1107,2022-11-07 11:20,2022-11-08 02:35
604,a,R-1108,2022-11-08 03:20,2022-11-08 10:36
604,b,R-1108,2022-11-08 10:36,2022-11-09 01:30
605,a,R-1107,2022-11-08 23:30,2022-11-09 07:20
605,b,R-1107,2022-11-09 07:20,2022-11-09 22:30
606,a,R-1108,2022-11-10 01:30,2022-11-10 09:01
606,b,R-1108,2022-11-10 09:01,2022-11-10 22:20
607,a,R-1107,2022-11-11 06:10,2022-11-11 14:01
607,b,R-1107,2022-11-11 14:01,2022-11-12 04:50
608,a,R-1108,2022-11-12 03:00,2022-11-12 10:30
608,b,R-1108,2022-11-12 10:30,2022-11-13 00:50
609,a,R-1107,2022-11-12 22:30,2022-11-13 06:36
609,b,R-1107,2022-11-13 06:36,2022-11-13 22:10
610,a,R-1108,2022-11-14 04:30,2022-11-14 12:01
610,b,R-1108,2022-11-14 12:01,2022-11-15 02:13
611,a,R-1107,2022-11-15 18:30,2022-11-16 02:30
611,b,R-1107,2022-11-16 02:30,2022-11-16 16:20
612,a,R-1504,2022-11-16 13:25,2022-11-16 21:20
613,a,R-1108,2022-11-16 16:30,2022-11-17 00:00
612,b,R-1504,2022-11-16 21:20,2022-11-17 11:00
613,b,R-1108,2022-11-17 00:00,2022-11-17 14:05
614,a,R-1107,2022-11-18 00:00,2022-11-18 08:01
614,b,R-1107,2022-11-18 08:01,2022-11-18 20:40
615,a,R-1108,2022-11-18 22:10,2022-11-19 05:30
615,b,R-1108,2022-11-19 05:30,2022-11-19 21:20
616,a,R-1107,2022-11-19 18:30,2022-11-20 02:31
616,b,R-1107,2022-11-20 02:31,2022-11-20 19:00
617,a,R-1108,2022-11-20 16:00,2022-11-20 23:30
617,b,R-1108,2022-11-20 23:30,2022-11-21 14:26
618,a,R-1107,2022-11-21 16:00,2022-11-22 00:00
618,b,R-1107,2022-11-22 00:00,2022-11-22 16:00
619,a,R-1108,2022-11-22 16:40,2022-11-23 00:11
619,b,R-1108,2022-11-23 00:11,2022-11-23 16:00
620,a,R-1107,2022-11-23 16:10,2022-11-24 00:11
620,b,R-1107,2022-11-24 00:11,2022-11-24 13:10
621,a,R-1108,2022-11-24 19:00,2022-11-25 03:01
621,b,R-1108,2022-11-25 03:01,2022-11-25 16:30
622,a,R-1107,2022-11-25 23:00,2022-11-26 07:05
622,b,R-1107,2022-11-26 07:05,2022-11-26 21:00
623,a,R-1108,2022-11-26 17:30,2022-11-27 01:01
623,b,R-1108,2022-11-27 01:01,2022-11-27 14:30
624,a,R-1107,2022-11-27 23:30,2022-11-28 07:20
624,b,R-1107,2022-11-28 07:20,2022-11-28 21:35
625,a,R-1108,2022-11-29 00:00,2022-11-29 07:20
625,b,R-1108,2022-11-29 07:20,2022-11-29 21:35
626,a,R-1107,2022-11-30 01:00,2022-11-30 09:00
626,b,R-1107,2022-11-30 09:00,2022-12-01 00:00
627,a,R-1108,2022-11-30 22:30,2022-12-01 06:01
627,b,R-1108,2022-12-01 06:01,2022-12-01 20:00
628,a,R-1107,2022-12-01 23:00,2022-12-02 07:30
628,b,R-1107,2022-12-02 07:30,2022-12-02 21:31
629,a,R-1108,2022-12-02 22:15,2022-12-03 06:01
629,b,R-1108,2022-12-03 06:01,2022-12-03 19:50
630,a,R-1107,2022-12-03 18:30,2022-12-04 02:31
630,b,R-1107,2022-12-04 02:31,2022-12-04 17:10
631,a,R-1108,2022-12-04 16:30,2022-12-05 00:00
631,b,R-1108,2022-12-05 00:00,2022-12-05 14:05
632,a,R-1107,2022-12-05 16:00,2022-12-06 00:00
632,b,R-1107,2022-12-06 00:00,2022-12-06 16:00
633,a,R-1108,2022-12-06 19:00,2022-12-07 02:30
633,b,R-1108,2022-12-07 02:30,2022-12-07 19:20
634,a,R-1107,2022-12-07 18:30,2022-12-08 02:20
634,b,R-1107,2022-12-08 02:20,2022-12-08 16:20
635,a,R-1108,2022-12-08 20:30,2022-12-09 04:00
635,b,R-1108,2022-12-09 04:00,2022-12-09 19:00
636,a,R-1107,2022-12-09 18:30,2022-12-10 02:30
636,b,R-1107,2022-12-10 02:30,2022-12-10 16:54
637,a,R-1108,2022-12-10 23:00,2022-12-11 06:30
637,b,R-1108,2022-12-11 06:30,2022-12-11 20:00
638,a,R-1107,2022-12-11 18:30,2022-12-12 02:30
638,b,R-1107,2022-12-12 02:30,2022-12-12 18:56
639,a,R-1108,2022-12-12 23:00,2022-12-13 06:35
639,b,R-1108,2022-12-13 06:35,2022-12-13 21:00
640,a,R-1107,2022-12-13 18:30,2022-12-14 02:31
640,b,R-1107,2022-12-14 02:31,2022-12-14 16:00
641,a,R-1108,2022-12-14 16:45,2022-12-15 00:16
641,b,R-1108,2022-12-15 00:16,2022-12-15 13:15
642,a,R-1107,2022-12-16 00:00,2022-12-16 08:00
642,b,R-1107,2022-12-16 08:00,2022-12-16 21:45
643,a,R-1108,2022-12-16 17:30,2022-12-17 01:01
643,b,R-1108,2022-12-17 01:01,2022-12-17 13:40
644,a,R-1107,2022-12-18 00:30,2022-12-18 08:30
644,b,R-1107,2022-12-18 08:30,2022-12-18 22:20
645,a,R-1108,2022-12-18 19:00,2022-12-19 02:40
645,b,R-1108,2022-12-19 02:40,2022-12-19 16:45
646,a,R-1107,2022-12-19 18:30,2022-12-20 02:40
646,b,R-1107,2022-12-20 02:40,2022-12-20 17:00
647,a,R-1108,2022-12-20 19:00,2022-12-21 02:40
647,b,R-1108,2022-12-21 02:40,2022-12-21 17:00
648,a,R-1107,2022-12-21 18:30,2022-12-22 02:40
648,b,R-1107,2022-12-22 02:40,2022-12-22 16:40
649,a,R-1108,2022-12-22 16:30,2022-12-23 00:10
649,b,R-1108,2022-12-23 00:10,2022-12-23 16:00
650,a,R-1107,2022-12-23 16:00,2022-12-23 23:53
650,b,R-1107,2022-12-23 23:53,2022-12-24 14:10
651,a,R-1506,2022-12-24 03:15,2022-12-24 11:05
651,b,R-1506,2022-12-24 11:05,2022-12-25 01:30
652,a,R-1108,2022-12-24 16:30,2022-12-24 23:50
652,b,R-1108,2022-12-24 23:50,2022-12-25 14:00
653,a,R-1504,2022-12-25 03:20,2022-12-25 11:32
653,b,R-1504,2022-12-25 11:32,2022-12-26 01:15
654,a,R-1107,2022-12-25 16:00,2022-12-25 23:46
654,b,R-1107,2022-12-25 23:46,2022-12-26 13:45
655,a,R-1108,2022-12-26 19:00,2022-12-27 02:21
655,b,R-1108,2022-12-27 02:21,2022-12-27 18:50
656,a,R-1107,2022-12-27 18:30,2022-12-28 02:11
656,b,R-1107,2022-12-28 02:11,2022-12-28 16:30
657,a,R-1108,2022-12-28 19:00,2022-12-29 02:30
657,b,R-1108,2022-12-29 02:30,2022-12-29 16:30
658,a,R-1107,2022-12-29 17:00,2022-12-30 01:00
658,b,R-1107,2022-12-30 01:00,2022-12-30 16:00
659,a,R-1108,2022-12-30 14:30,2022-12-30 22:01
659,b,R-1108,2022-12-30 22:01,2022-12-31 13:00
660,a,R-1107,2022-12-31 16:00,2023-01-01 00:01
660,b,R-1107,2023-01-01 00:01,2023-01-01 16:00
661,a,R-1108,2023-01-01 19:00,2023-01-02 02:30
661,b,R-1108,2023-01-02 02:30,2023-01-02 16:25
662,a,R-1107,2023-01-02 18:30,2023-01-03 02:31
662,b,R-1107,2023-01-03 02:31,2023-01-03 16:00
663,a,R-1108,2023-01-03 19:00,2023-01-04 02:31
663,b,R-1108,2023-01-04 02:31,2023-01-04 16:00
664,a,R-1107,2023-01-04 16:00,2023-01-05 00:02
664,b,R-1107,2023-01-05 00:02,2023-01-05 14:15
665,a,R-1108,2023-01-05 16:30,2023-01-06 00:01
665,b,R-1108,2023-01-06 00:01,2023-01-06 13:10
666,a,R-1107,2023-01-06 18:30,2023-01-07 02:31
666,b,R-1107,2023-01-07 02:31,2023-01-07 16:00
667,a,R-1108,2023-01-07 16:30,2023-01-08 00:00
667,b,R-1108,2023-01-08 00:00,2023-01-08 14:10
668,a,R-1107,2023-01-08 16:30,2023-01-09 00:30
668,b,R-1107,2023-01-09 00:30,2023-01-09 14:38
669,a,R-1108,2023-01-10 00:50,2023-01-10 08:21
669,b,R-1108,2023-01-10 08:21,2023-01-10 22:39
670,a,R-1107,2023-01-11 02:30,2023-01-11 10:30
670,b,R-1107,2023-01-11 10:30,2023-01-12 00:40
671,a,R-1108,2023-01-12 01:00,2023-01-12 08:31
671,b,R-1108,2023-01-12 08:31,2023-01-13 00:00
672,a,R-1107,2023-01-13 00:00,2023-01-13 08:05
672,b,R-1107,2023-01-13 08:05,2023-01-13 21:10
673,a,R-1108,2023-01-14 03:00,2023-01-14 10:30
673,b,R-1108,2023-01-14 10:30,2023-01-15 00:00
674,a,R-1107,2023-01-15 00:00,2023-01-15 08:05
674,b,R-1107,2023-01-15 08:05,2023-01-15 21:15
675,a,R-1108,2023-01-16 03:00,2023-01-16 10:30
675,b,R-1108,2023-01-16 10:30,2023-01-17 01:15
676,a,R-1107,2023-01-17 02:30,2023-01-17 10:30
676,b,R-1107,2023-01-17 10:30,2023-01-18 00:30
677,a,R-1108,2023-01-17 22:50,2023-01-18 06:21
677,b,R-1108,2023-01-18 06:21,2023-01-18 19:55
678,a,R-1107,2023-01-19 10:30,2023-01-19 18:31
678,b,R-1107,2023-01-19 18:31,2023-01-20 09:25
679,a,R-1108,2023-01-20 06:30,2023-01-20 14:01
679,b,R-1108,2023-01-20 14:01,2023-01-21 03:30
680,a,R-1107,2023-01-21 02:30,2023-01-21 10:30
680,b,R-1107,2023-01-21 10:30,2023-01-22 00:00
681,a,R-1108,2023-01-22 01:00,2023-01-22 08:30
681,b,R-1108,2023-01-22 08:30,2023-01-22 22:10
682,a,R-1107,2023-01-23 00:00,2023-01-23 08:01
682,b,R-1107,2023-01-23 08:01,2023-01-23 21:40
683,a,R-1108,2023-01-24 01:30,2023-01-24 09:00
683,b,R-1108,2023-01-24 09:00,2023-01-25 00:00
684,a,R-1107,2023-01-25 01:00,2023-01-25 09:00
684,b,R-1107,2023-01-25 09:00,2023-01-26 00:00
685,a,R-1108,2023-01-26 01:30,2023-01-26 09:01
685,b,R-1108,2023-01-26 09:01,2023-01-27 00:00
686,a,R-1107,2023-01-27 01:00,2023-01-27 09:01
686,b,R-1107,2023-01-27 09:01,2023-01-28 00:00
687,a,R-1108,2023-01-28 01:30,2023-01-28 09:01
687,b,R-1108,2023-01-28 09:01,2023-01-29 00:00
688,a,R-1107,2023-01-29 01:00,2023-01-29 09:01
688,b,R-1107,2023-01-29 09:01,2023-01-30 00:00
689,a,R-1108,2023-01-30 01:30,2023-01-30 09:01
689,b,R-1108,2023-01-30 09:01,2023-01-31 00:05
690,a,R-1107,2023-01-31 01:10,2023-01-31 09:05
690,b,R-1107,2023-01-31 09:05,2023-02-01 00:00
691,a,R-1108,2023-02-01 01:10,2023-02-01 08:35
691,b,R-1108,2023-02-01 08:35,2023-02-02 00:00
692,a,R-1107,2023-02-02 02:40,2023-02-02 10:41
692,b,R-1107,2023-02-02 10:41,2023-02-03 00:35
693,a,R-1108,2023-02-03 00:30,2023-02-03 08:00
693,b,R-1108,2023-02-03 08:00,2023-02-04 00:00
694,a,R-1107,2023-02-04 03:00,2023-02-04 11:00
694,b,R-1107,2023-02-04 11:00,2023-02-05 01:00
695,a,R-1108,2023-02-05 03:00,2023-02-05 10:30
695,b,R-1108,2023-02-05 10:30,2023-02-06 01:00
696,a,R-1107,2023-02-06 02:30,2023-02-06 10:30
696,b,R-1107,2023-02-06 10:30,2023-02-07 00:00
697,a,R-1108,2023-02-07 00:30,2023-02-07 08:00
697,b,R-1108,2023-02-07 08:00,2023-02-07 20:50
698,a,R-1107,2023-02-08 10:30,2023-02-08 18:31
698,b,R-1107,2023-02-08 18:31,2023-02-09 08:00
699,a,R-1108,2023-02-09 11:00,2023-02-09 18:35
699,b,R-1108,2023-02-09 18:35,2023-02-10 08:00
700,a,R-1107,2023-02-10 14:00,2023-02-10 22:05
700,b,R-1107,2023-02-10 22:05,2023-02-11 11:40
701,a,R-1108,2023-02-11 14:30,2023-02-11 22:01
701,b,R-1108,2023-02-11 22:01,2023-02-12 11:40
702,a,R-1107,2023-02-12 12:05,2023-02-12 20:07
702,b,R-1107,2023-02-12 20:07,2023-02-13 09:45
703,a,R-1108,2023-02-13 11:00,2023-02-13 17:41
703,b,R-1108,2023-02-13 17:41,2023-02-14 06:03
704,a,R-1107,2023-02-15 04:30,2023-02-15 12:31
704,b,R-1107,2023-02-15 12:31,2023-02-16 01:52
705,a,R-1108,2023-02-15 22:30,2023-02-16 06:03
705,b,R-1108,2023-02-16 06:03,2023-02-16 19:45
706,a,R-1107,2023-02-16 20:40,2023-02-17 04:30
706,b,R-1107,2023-02-17 04:30,2023-02-17 18:41
707,a,R-1504,2023-02-18 04:15,2023-02-18 12:21
707,b,R-1504,2023-02-18 12:21,2023-02-19 02:37
708,a,R-1108,2023-02-19 19:00,2023-02-20 02:20
708,b,R-1108,2023-02-20 02:20,2023-02-20 16:54
709,a,R-1107,2023-02-20 20:40,2023-02-21 04:30
709,b,R-1107,2023-02-21 04:30,2023-02-21 18:50
710,a,R-1108,2023-02-21 19:00,2023-02-22 02:35
710,b,R-1108,2023-02-22 02:35,2023-02-22 16:25
711,a,R-1107,2023-02-22 21:00,2023-02-23 05:01
711,b,R-1107,2023-02-23 05:01,2023-02-23 19:00
712,a,R-1108,2023-02-23 19:00,2023-02-24 02:31
712,b,R-1108,2023-02-24 02:31,2023-02-24 17:30
713,a,R-1107,2023-02-24 18:30,2023-02-25 02:31
713,b,R-1107,2023-02-25 02:31,2023-02-25 17:30
714,a,R-1108,2023-02-25 20:10,2023-02-26 03:41
714,b,R-1108,2023-02-26 03:41,2023-02-26 19:08
715,a,R-1107,2023-02-27 08:30,2023-02-27 16:31
715,b,R-1107,2023-02-27 16:31,2023-02-28 05:18
716,a,R-1108,2023-02-27 23:00,2023-02-28 06:31
716,b,R-1108,2023-02-28 06:31,2023-02-28 20:10
717,a,R-1107,2023-02-28 18:30,2023-03-01 02:35
717,b,R-1107,2023-03-01 02:35,2023-03-01 17:05
718,a,R-1108,2023-03-01 17:00,2023-03-02 01:00
718,b,R-1108,2023-03-02 01:00,2023-03-02 16:00
719,a,R-1107,2023-03-02 23:06,2023-03-03 07:01
719,b,R-1107,2023-03-03 07:01,2023-03-03 20:45
720,a,R-1108,2023-03-03 15:30,2023-03-03 23:01
720,b,R-1108,2023-03-03 23:01,2023-03-04 12:40
721,a,R-1107,2023-03-04 18:30,2023-03-05 02:30
721,b,R-1107,2023-03-05 02:30,2023-03-05 16:00
722,a,R-1108,2023-03-05 20:00,2023-03-06 04:00
722,b,R-1108,2023-03-06 04:00,2023-03-06 17:19
723,a,R-1107,2023-03-06 21:00,2023-03-07 05:01
723,b,R-1107,2023-03-07 05:01,2023-03-07 19:10
724,a,R-1108,2023-03-07 19:00,2023-03-08 02:31
724,b,R-1108,2023-03-08 02:31,2023-03-08 16:42
725,a,R-1107,2023-03-08 21:30,2023-03-09 05:20
725,b,R-1107,2023-03-09 05:20,2023-03-09 19:06
726,a,R-1108,2023-03-09 19:00,2023-03-10 02:30
726,b,R-1108,2023-03-10 02:30,2023-03-10 16:19
727,a,R-1107,2023-03-10 22:50,2023-03-11 06:40
727,b,R-1107,2023-03-11 06:40,2023-03-11 21:11
728,a,R-1108,2023-03-11 19:00,2023-03-12 02:30
728,b,R-1108,2023-03-12 02:30,2023-03-12 16:30
729,a,R-1107,2023-03-12 18:30,2023-03-13 02:30
729,b,R-1107,2023-03-13 02:30,2023-03-13 16:30
730,a,R-1108,2023-03-14 00:30,2023-03-14 08:01
730,b,R-1108,2023-03-14 08:01,2023-03-14 21:35
731,a,R-1107,2023-03-14 22:00,2023-03-15 06:02
731,b,R-1107,2023-03-15 06:02,2023-03-15 20:10
732,a,R-1108,2023-03-15 19:00,2023-03-16 02:31
733,a,R-1504,2023-03-16 00:04,2023-03-16 07:52
732,b,R-1108,2023-03-16 02:31,2023-03-16 17:00
733,b,R-1504,2023-03-16 07:52,2023-03-16 21:02
734,a,R-1107,2023-03-17 02:30,2023-03-17 10:30
735,a,R-1506,2023-03-17 02:35,2023-03-17 10:40
734,b,R-1107,2023-03-17 10:30,2023-03-18 00:00
735,b,R-1506,2023-03-17 10:40,2023-03-17 23:12
736,a,R-1108,2023-03-17 21:30,2023-03-18 05:01
737,a,R-1504,2023-03-18 00:00,2023-03-18 07:52
736,b,R-1108,2023-03-18 05:01,2023-03-18 19:20
737,b,R-1504,2023-03-18 07:52,2023-03-18 21:03
738,a,R-1107,2023-03-18 22:40,2023-03-19 06:41
738,b,R-1107,2023-03-19 06:41,2023-03-19 20:15
739,a,R-1108,2023-03-20 00:30,2023-03-20 08:00
739,b,R-1108,2023-03-20 08:00,2023-03-20 21:30
740,a,R-1107,2023-03-21 01:00,2023-03-21 09:00
740,b,R-1107,2023-03-21 09:00,2023-03-21 23:00
741,a,R-1108,2023-03-21 22:10,2023-03-22 06:06
741,b,R-1108,2023-03-22 06:06,2023-03-22 19:50
742,a,R-1107,2023-03-22 22:45,2023-03-23 07:01
742,b,R-1107,2023-03-23 07:01,2023-03-23 20:56
743,a,R-1108,2023-03-23 22:00,2023-03-24 05:30
743,b,R-1108,2023-03-24 05:30,2023-03-24 20:30
744,a,R-1107,2023-03-24 23:00,2023-03-25 07:01
744,b,R-1107,2023-03-25 07:01,2023-03-25 20:40
745,a,R-1108,2023-03-25 21:30,2023-03-26 05:30
745,b,R-1108,2023-03-26 05:30,2023-03-26 19:15
746,a,R-1107,2023-03-27 05:30,2023-03-27 13:31
746,b,R-1107,2023-03-27 13:31,2023-03-28 03:20
747,a,R-1108,2023-03-27 18:40,2023-03-28 02:10
747,b,R-1108,2023-03-28 02:10,2023-03-28 16:00
748,a,R-1107,2023-03-28 18:00,2023-03-29 02:00
748,b,R-1107,2023-03-29 02:00,2023-03-29 16:00
749,a,R-1108,2023-03-29 18:30,2023-03-30 02:00
749,b,R-1108,2023-03-30 02:00,2023-03-30 16:09
750,a,R-1107,2023-03-30 18:00,2023-03-31 02:00
750,b,R-1107,2023-03-31 02:00,2023-03-31 16:00
751,a,R-1108,2023-03-31 18:30,2023-04-01 02:00
751,b,R-1108,2023-04-01 02:00,2023-04-01 16:00
752,a,R-1107,2023-04-01 18:30,2023-04-02 02:20
752,b,R-1107,2023-04-02 02:20,2023-04-02 16:40
753,a,R-1108,2023-04-02 18:30,2023-04-03 02:01
753,b,R-1108,2023-04-03 02:01,2023-04-03 16:10
754,a,R-1107,2023-04-04 18:00,2023-04-05 02:01
754,b,R-1107,2023-04-05 02:01,2023-04-05 16:20
755,a,R-1108,2023-04-07 10:30,2023-04-07 18:00
756,a,R-1107,2023-04-07 14:30,2023-04-07 22:24
755,b,R-1108,2023-04-07 18:00,2023-04-08 08:00
756,b,R-1107,2023-04-07 22:24,2023-04-08 12:20
757,a,R-1504,2023-04-08 05:31,2023-04-08 13:20
757,b,R-1504,2023-04-08 13:20,2023-04-09 02:53
758,a,R-1506,2023-04-09 10:25,2023-04-09 18:18
759,a,R-1108,2023-04-09 13:30,2023-04-09 21:01
758,b,R-1506,2023-04-09 18:18,2023-04-10 08:02
759,b,R-1108,2023-04-09 21:01,2023-04-10 11:00
760,a,R-1504,2023-04-10 10:40,2023-04-10 18:31
760,b,R-1504,2023-04-10 18:31,2023-04-11 08:20
761,a,R-1107,2023-04-11 02:10,2023-04-11 10:10
762,a,R-1506,2023-04-11 05:28,2023-04-11 13:40
761,b,R-1107,2023-04-11 10:10,2023-04-12 00:00
762,b,R-1506,2023-04-11 13:40,2023-04-12 04:32
763,a,R-1108,2023-04-12 06:00,2023-04-12 13:30
764,a,R-1504,2023-04-12 08:32,2023-04-12 16:32
763,b,R-1108,2023-04-12 13:30,2023-04-13 03:40
764,b,R-1504,2023-04-12 16:32,2023-04-13 05:40
765,a,R-1107,2023-04-13 02:00,2023-04-13 10:00
765,b,R-1107,2023-04-13 10:00,2023-04-14 00:05
766,a,R-1506,2023-04-13 10:20,2023-04-13 18:10
766,b,R-1506,2023-04-13 18:10,2023-04-14 08:00
767,a,R-1108,2023-04-14 03:00,2023-04-14 10:30
767,b,R-1108,2023-04-14 10:30,2023-04-15 02:30
768,a,R-1504,2023-04-14 16:30,2023-04-15 00:20
768,b,R-1504,2023-04-15 00:20,2023-04-15 13:05
769,a,R-1107,2023-04-15 06:20,2023-04-15 14:20
770,a,R-1506,2023-04-15 10:10,2023-04-15 17:56
769,b,R-1107,2023-04-15 14:20,2023-04-16 04:20
770,b,R-1506,2023-04-15 17:56,2023-04-16 07:11
771,a,R-1108,2023-04-16 05:00,2023-04-16 12:31
772,a,R-1504,2023-04-16 08:10,2023-04-16 16:05
771,b,R-1108,2023-04-16 12:31,2023-04-17 02:37
772,b,R-1504,2023-04-16 16:05,2023-04-17 05:10
773,a,R-1107,2023-04-17 06:00,2023-04-17 14:01
773,b,R-1107,2023-04-17 14:01,2023-04-18 04:00
774,a,R-1506,2023-04-17 18:20,2023-04-18 02:31
774,b,R-1506,2023-04-18 02:31,2023-04-18 16:18
775,a,R-1504,2023-04-18 10:08,2023-04-18 17:50
775,b,R-1504,2023-04-18 17:50,2023-04-19 06:35
776,a,R-1108,2023-04-19 08:40,2023-04-19 16:12
777,a,R-1506,2023-04-19 11:46,2023-04-19 19:35
776,b,R-1108,2023-04-19 16:12,2023-04-20 05:50
777,b,R-1506,2023-04-19 19:35,2023-04-20 09:10
778,a,R-1504,2023-04-20 11:38,2023-04-20 19:30
778,b,R-1504,2023-04-20 19:30,2023-04-21 09:29
779,a,R-1107,2023-04-20 22:45,2023-04-21 06:40
779,b,R-1107,2023-04-21 06:40,2023-04-21 20:45
780,a,R-1506,2023-04-21 10:55,2023-04-21 18:40
780,b,R-1506,2023-04-21 18:40,2023-04-22 08:00
781,a,R-1108,2023-04-22 02:40,2023-04-22 10:06
782,a,R-1504,2023-04-22 07:30,2023-04-22 15:15
781,b,R-1108,2023-04-22 10:06,2023-04-23 00:50
782,b,R-1504,2023-04-22 15:15,2023-04-23 05:10
783,a,R-1506,2023-04-23 04:00,2023-04-23 12:05
783,b,R-1506,2023-04-23 12:05,2023-04-24 01:35
784,a,R-1107,2023-04-23 19:30,2023-04-24 03:32
784,b,R-1107,2023-04-24 03:32,2023-04-24 19:29
785,a,R-1504,2023-04-24 06:10,2023-04-24 14:01
786,a,R-1108,2023-04-24 12:50,2023-04-24 20:20
785,b,R-1504,2023-04-24 14:01,2023-04-25 03:29
786,b,R-1108,2023-04-24 20:20,2023-04-25 09:50
787,a,R-1506,2023-04-25 10:30,2023-04-25 18:19
787,b,R-1506,2023-04-25 18:19,2023-04-26 08:00
788,a,R-1504,2023-04-26 07:20,2023-04-26 15:21
789,a,R-1107,2023-04-26 12:30,2023-04-26 20:30
788,b,R-1504,2023-04-26 15:21,2023-04-27 04:05
789,b,R-1107,2023-04-26 20:30,2023-04-27 09:44
790,a,R-1108,2023-04-27 00:10,2023-04-27 08:00
791,a,R-1506,2023-04-27 06:30,2023-04-27 14:20
790,b,R-1108,2023-04-27 08:00,2023-04-27 21:20
791,b,R-1506,2023-04-27 14:20,2023-04-28 04:14
792,a,R-1107,2023-04-28 00:00,2023-04-28 08:00
793,a,R-1504,2023-04-28 06:40,2023-04-28 14:24
792,b,R-1107,2023-04-28 08:00,2023-04-29 00:00
793,b,R-1504,2023-04-28 14:24,2023-04-29 03:31
794,a,R-1108,2023-04-29 00:30,2023-04-29 07:50
794,b,R-1108,2023-04-29 07:50,2023-04-29 22:08
795,a,R-1506,2023-04-29 11:20,2023-04-29 19:15
795,b,R-1506,2023-04-29 19:15,2023-04-30 09:48
796,a,R-1107,2023-04-30 01:00,2023-04-30 08:51
796,b,R-1107,2023-04-30 08:51,2023-04-30 22:08
797,a,R-1504,2023-04-30 19:00,2023-05-01 03:02
798,a,R-1108,2023-05-01 00:40,2023-05-01 08:10
797,b,R-1504,2023-05-01 03:02,2023-05-01 17:10
798,b,R-1108,2023-05-01 08:10,2023-05-01 21:00
799,a,R-1506,2023-05-01 19:20,2023-05-02 03:10
799,b,R-1506,2023-05-02 03:10,2023-05-02 17:31
800,a,R-1107,2023-05-02 04:20,2023-05-02 12:00
800,b,R-1107,2023-05-02 12:00,2023-05-03 01:40
801,a,R-1504,2023-05-02 19:00,2023-05-03 02:45
801,b,R-1504,2023-05-03 02:45,2023-05-03 16:46
802,a,R-1108,2023-05-03 05:00,2023-05-03 12:20
802,b,R-1108,2023-05-03 12:20,2023-05-04 02:10
803,a,R-1506,2023-05-03 18:40,2023-05-04 02:22
803,b,R-1506,2023-05-04 02:22,2023-05-04 15:10
804,a,R-1107,2023-05-04 06:00,2023-05-04 14:05
804,b,R-1107,2023-05-04 14:05,2023-05-05 03:40
805,a,R-1504,2023-05-04 20:04,2023-05-05 04:04
806,a,R-1108,2023-05-05 01:00,2023-05-05 08:20
805,b,R-1504,2023-05-05 04:04,2023-05-05 16:52
806,b,R-1108,2023-05-05 08:20,2023-05-06 00:00
807,a,R-1506,2023-05-05 21:50,2023-05-06 05:50
808,a,R-1107,2023-05-06 01:00,2023-05-06 09:01
807,b,R-1506,2023-05-06 05:50,2023-05-06 19:30
808,b,R-1107,2023-05-06 09:01,2023-05-07 00:00
809,a,R-1504,2023-05-06 23:15,2023-05-07 07:26
810,a,R-1108,2023-05-07 01:30,2023-05-07 09:01
809,b,R-1504,2023-05-07 07:26,2023-05-07 21:25
810,b,R-1108,2023-05-07 09:01,2023-05-08 00:00
811,a,R-1506,2023-05-07 23:27,2023-05-08 07:32
812,a,R-1107,2023-05-08 01:00,2023-05-08 09:01
811,b,R-1506,2023-05-08 07:32,2023-05-08 21:43
812,b,R-1107,2023-05-08 09:01,2023-05-09 00:10
813,a,R-1504,2023-05-08 20:25,2023-05-09 04:31
814,a,R-1108,2023-05-09 01:30,2023-05-09 09:01
813,b,R-1504,2023-05-09 04:41,2023-05-09 19:30
814,b,R-1108,2023-05-09 09:01,2023-05-10 00:00
815,a,R-1506,2023-05-09 20:31,2023-05-10 04:31
816,a,R-1107,2023-05-10 01:00,2023-05-10 09:01
815,b,R-1506,2023-05-10 04:31,2023-05-10 19:10
816,b,R-1107,2023-05-10 09:01,2023-05-11 00:30
817,a,R-1504,2023-05-10 20:32,2023-05-11 04:31
818,a,R-1108,2023-05-11 01:35,2023-05-11 09:01
817,b,R-1504,2023-05-11 04:31,2023-05-11 19:00
818,b,R-1108,2023-05-11 09:01,2023-05-12 00:00
819,a,R-1107,2023-05-11 21:10,2023-05-12 05:00
820,a,R-1506,2023-05-11 23:55,2023-05-12 07:36
819,b,R-1107,2023-05-12 05:00,2023-05-12 19:15
820,b,R-1506,2023-05-12 07:36,2023-05-12 21:25
821,a,R-1108,2023-05-13 01:00,2023-05-13 09:01
822,a,R-1504,2023-05-13 01:40,2023-05-13 10:00
821,b,R-1108,2023-05-13 09:01,2023-05-14 00:00
822,b,R-1504,2023-05-13 10:00,2023-05-14 00:30
823,a,R-1506,2023-05-14 00:00,2023-05-14 08:00
824,a,R-1107,2023-05-14 01:00,2023-05-14 09:10
823,b,R-1506,2023-05-14 08:00,2023-05-14 22:16
824,b,R-1107,2023-05-14 09:10,2023-05-15 00:05
825,a,R-1108,2023-05-15 00:00,2023-05-15 08:05
826,a,R-1504,2023-05-15 02:00,2023-05-15 10:05
825,b,R-1108,2023-05-15 08:05,2023-05-16 00:00
826,b,R-1504,2023-05-15 10:05,2023-05-16 01:30
827,a,R-1506,2023-05-15 23:14,2023-05-16 07:29
828,a,R-1107,2023-05-16 01:00,2023-05-16 09:01
827,b,R-1506,2023-05-16 07:29,2023-05-16 20:42
828,b,R-1107,2023-05-16 09:01,2023-05-17 00:00
829,a,R-1108,2023-05-17 00:00,2023-05-17 08:01
829,b,R-1108,2023-05-17 00:00,2023-05-17 21:20
830,a,R-1504,2023-05-17 05:22,2023-05-17 13:10
830,b,R-1504,2023-05-17 13:10,2023-05-18 03:25
831,a,R-1107,2023-05-18 00:00,2023-05-18 08:01
832,a,R-1506,2023-05-18 04:25,2023-05-18 12:20
831,b,R-1107,2023-05-18 08:01,2023-05-19 00:10
832,b,R-1506,2023-05-18 12:20,2023-05-19 01:34
833,a,R-1108,2023-05-19 00:30,2023-05-19 08:00
834,a,R-1504,2023-05-19 03:25,2023-05-19 11:15
833,b,R-1108,2023-05-19 08:00,2023-05-19 21:18
834,b,R-1504,2023-05-19 11:15,2023-05-20 01:10
835,a,R-1107,2023-05-20 01:30,2023-05-20 09:31
836,a,R-1506,2023-05-20 05:40,2023-05-20 13:30
835,b,R-1107,2023-05-20 09:31,2023-05-21 00:00
836,b,R-1506,2023-05-20 13:30,2023-05-21 02:30
837,a,R-1108,2023-05-21 01:00,2023-05-21 08:30
838,a,R-1504,2023-05-21 05:58,2023-05-21 14:02
837,b,R-1108,2023-05-21 08:30,2023-05-22 00:00
838,b,R-1504,2023-05-21 14:02,2023-05-22 03:43
839,a,R-1107,2023-05-22 00:10,2023-05-22 08:10
839,b,R-1107,2023-05-22 08:10,2023-05-23 00:00
840,a,R-1506,2023-05-22 08:13,2023-05-22 16:14
840,b,R-1506,2023-05-22 16:14,2023-05-23 06:20
841,a,R-1108,2023-05-23 02:40,2023-05-23 10:00
841,b,R-1108,2023-05-23 10:00,2023-05-24 01:55
842,a,R-1504,2023-05-23 10:30,2023-05-23 18:30
842,b,R-1504,2023-05-23 18:30,2023-05-24 08:30
843,a,R-1107,2023-05-24 00:30,2023-05-24 08:30
843,b,R-1107,2023-05-24 08:30,2023-05-24 21:25
844,a,R-1506,2023-05-24 16:20,2023-05-25 00:09
844,b,R-1506,2023-05-25 00:09,2023-05-25 13:11
845,a,R-1108,2023-05-25 01:00,2023-05-25 08:30
846,a,R-1504,2023-05-25 07:10,2023-05-25 15:20
845,b,R-1108,2023-05-25 08:30,2023-05-26 00:00
846,b,R-1504,2023-05-25 15:20,2023-05-26 06:28
847,a,R-1107,2023-05-26 00:30,2023-05-26 08:40
847,b,R-1107,2023-05-26 08:40,2023-05-27 00:00
848,a,R-1506,2023-05-26 16:00,2023-05-26 23:50
848,b,R-1506,2023-05-26 23:50,2023-05-27 12:39
849,a,R-1108,2023-05-27 01:00,2023-05-27 08:33
849,b,R-1108,2023-05-27 08:33,2023-05-28 00:00
850,a,R-1504,2023-05-27 10:45,2023-05-27 18:30
850,b,R-1504,2023-05-27 18:30,2023-05-28 09:07
851,a,R-1107,2023-05-28 03:30,2023-05-28 11:31
851,b,R-1107,2023-05-28 11:31,2023-05-29 01:34
852,a,R-1506,2023-05-28 14:40,2023-05-28 22:40
852,b,R-1506,2023-05-28 22:40,2023-05-29 12:42
853,a,R-1108,2023-05-29 01:00,2023-05-29 08:31
853,b,R-1108,2023-05-29 08:31,2023-05-30 00:10
854,a,R-1504,2023-05-29 10:20,2023-05-29 18:07
854,b,R-1504,2023-05-29 18:07,2023-05-30 10:38
855,a,R-1107,2023-05-30 00:30,2023-05-30 08:31
855,b,R-1107,2023-05-30 08:31,2023-05-30 22:00
856,a,R-1506,2023-05-30 12:30,2023-05-30 20:05
856,b,R-1506,2023-05-30 20:05,2023-05-31 09:23
857,a,R-1108,2023-05-31 03:30,2023-05-31 11:02
857,b,R-1108,2023-05-31 11:02,2023-06-01 01:10
858,a,R-1504,2023-05-31 11:05,2023-05-31 18:50
858,b,R-1504,2023-05-31 18:50,2023-06-01 08:00
859,a,R-1107,2023-06-01 00:30,2023-06-01 08:31
859,b,R-1107,2023-06-01 08:31,2023-06-02 00:00
860,a,R-1506,2023-06-01 11:40,2023-06-01 19:20
860,b,R-1506,2023-06-01 19:20,2023-06-02 14:10
861,a,R-1108,2023-06-02 03:30,2023-06-02 11:32
862,a,R-1504,2023-06-02 10:40,2023-06-02 18:40
861,b,R-1108,2023-06-02 11:32,2023-06-03 01:10
862,b,R-1504,2023-06-02 18:40,2023-06-03 09:10
863,a,R-1107,2023-06-03 02:00,2023-06-03 10:02
863,b,R-1107,2023-06-03 10:02,2023-06-04 00:00
864,a,R-1506,2023-06-03 12:00,2023-06-03 19:50
864,b,R-1506,2023-06-03 19:50,2023-06-04 09:55
865,a,R-1108,2023-06-04 01:00,2023-06-04 09:02
865,b,R-1108,2023-06-04 09:02,2023-06-05 00:00
866,a,R-1504,2023-06-04 10:55,2023-06-04 19:00
866,b,R-1504,2023-06-04 19:00,2023-06-05 08:05
867,a,R-1107,2023-06-05 00:30,2023-06-05 08:30
867,b,R-1107,2023-06-05 08:30,2023-06-06 00:00
868,a,R-1108,2023-06-06 00:30,2023-06-06 08:30
868,b,R-1108,2023-06-06 08:30,2023-06-07 00:00
869,a,R-1506,2023-06-06 10:26,2023-06-06 18:35
869,b,R-1506,2023-06-06 18:35,2023-06-07 08:02
870,a,R-1107,2023-06-07 04:40,2023-06-07 12:40
871,a,R-1504,2023-06-07 10:20,2023-06-07 18:11
870,b,R-1107,2023-06-07 12:40,2023-06-08 03:00
871,b,R-1504,2023-06-07 18:11,2023-06-08 10:25
872,a,R-1108,2023-06-08 00:50,2023-06-08 08:11
872,b,R-1108,2023-06-08 08:11,2023-06-09 00:00
873,a,R-1506,2023-06-08 10:53,2023-06-08 18:38
873,b,R-1506,2023-06-08 18:38,2023-06-09 09:52
874,a,R-1107,2023-06-09 00:20,2023-06-09 08:11
874,b,R-1107,2023-06-09 08:11,2023-06-10 00:00
875,a,R-1504,2023-06-09 11:15,2023-06-09 19:00
875,b,R-1504,2023-06-09 19:00,2023-06-10 08:01
876,a,R-1506,2023-06-10 10:31,2023-06-10 18:16
877,a,R-1108,2023-06-10 13:00,2023-06-10 20:31
876,b,R-1506,2023-06-10 18:16,2023-06-11 08:00
877,b,R-1108,2023-06-10 20:31,2023-06-11 10:40
878,a,R-1504,2023-06-11 11:39,2023-06-11 19:21
879,a,R-1107,2023-06-11 15:30,2023-06-11 23:30
878,b,R-1504,2023-06-11 19:21,2023-06-12 09:30
879,b,R-1107,2023-06-11 23:30,2023-06-12 13:30
880,a,R-1108,2023-06-12 11:00,2023-06-12 18:30
881,a,R-1506,2023-06-12 11:00,2023-06-12 18:45
880,b,R-1108,2023-06-12 18:30,2023-06-13 08:00
881,b,R-1506,2023-06-12 18:45,2023-06-13 09:51
882,a,R-1504,2023-06-13 10:25,2023-06-13 18:12
883,a,R-1107,2023-06-13 12:20,2023-06-13 20:32
882,b,R-1504,2023-06-13 18:12,2023-06-14 08:00
883,b,R-1107,2023-06-13 20:32,2023-06-14 11:30
884,a,R-1108,2023-06-14 11:10,2023-06-14 18:37
885,a,R-1506,2023-06-14 15:40,2023-06-14 23:20
884,b,R-1108,2023-06-14 18:37,2023-06-15 10:00
885,b,R-1506,2023-06-14 23:20,2023-06-15 16:00
886,a,R-1107,2023-06-15 08:10,2023-06-15 16:10
887,a,R-1504,2023-06-15 09:57,2023-06-15 18:00
886,b,R-1107,2023-06-15 16:10,2023-06-16 08:00
887,b,R-1504,2023-06-15 18:00,2023-06-16 08:51
888,a,R-1506,2023-06-16 09:20,2023-06-16 17:05
889,a,R-1108,2023-06-16 12:30,2023-06-16 20:02
888,b,R-1506,2023-06-16 17:05,2023-06-17 06:32
889,b,R-1108,2023-06-16 20:02,2023-06-17 09:20
890,a,R-1504,2023-06-17 10:22,2023-06-17 18:30
890,b,R-1504,2023-06-17 18:30,2023-06-18 09:49
891,a,R-1107,2023-06-17 18:40,2023-06-18 02:25
891,b,R-1107,2023-06-18 02:25,2023-06-18 16:20
892,a,R-1108,2023-06-18 10:30,2023-06-18 18:30
893,a,R-1506,2023-06-18 12:30,2023-06-18 20:10
892,b,R-1108,2023-06-18 18:30,2023-06-19 11:00
893,b,R-1506,2023-06-18 20:10,2023-06-19 12:38
894,a,R-1504,2023-06-19 11:39,2023-06-19 18:25
895,a,R-1107,2023-06-19 12:40,2023-06-19 20:30
894,b,R-1504,2023-06-19 18:25,2023-06-20 08:23
895,b,R-1107,2023-06-19 20:30,2023-06-20 09:50
896,a,R-1506,2023-06-20 10:39,2023-06-20 18:30
897,a,R-1108,2023-06-20 12:00,2023-06-20 20:00
896,b,R-1506,2023-06-20 18:30,2023-06-21 08:00
897,b,R-1108,2023-06-20 20:00,2023-06-21 10:00
898,a,R-1504,2023-06-21 12:20,2023-06-21 20:00
899,a,R-1107,2023-06-21 18:10,2023-06-22 02:11
898,b,R-1504,2023-06-21 20:00,2023-06-22 10:00
899,b,R-1107,2023-06-22 02:11,2023-06-22 17:30
900,a,R-1506,2023-06-22 10:47,2023-06-22 19:02
901,a,R-1108,2023-06-22 17:00,2023-06-23 00:31
900,b,R-1506,2023-06-22 19:02,2023-06-23 08:00
901,b,R-1108,2023-06-23 00:31,2023-06-23 16:00
902,a,R-1504,2023-06-23 10:40,2023-06-23 18:37
903,a,R-1107,2023-06-23 11:40,2023-06-23 19:40
902,b,R-1504,2023-06-23 18:37,2023-06-24 08:05
903,b,R-1107,2023-06-23 19:40,2023-06-24 10:46
904,a,R-1506,2023-06-24 10:29,2023-06-24 18:35
905,a,R-1108,2023-06-24 11:15,2023-06-24 18:40
904,b,R-1506,2023-06-24 18:35,2023-06-25 10:30
905,b,R-1108,2023-06-24 18:40,2023-06-25 10:50
906,a,R-1504,2023-06-25 10:24,2023-06-25 18:22
907,a,R-1107,2023-06-25 18:00,2023-06-26 02:01
906,b,R-1504,2023-06-25 18:22,2023-06-26 08:00
907,b,R-1107,2023-06-26 02:01,2023-06-26 19:45
908,a,R-1506,2023-06-26 11:00,2023-06-26 19:01
909,a,R-1108,2023-06-26 13:00,2023-06-26 20:20
908,b,R-1506,2023-06-26 19:01,2023-06-27 10:35
909,b,R-1108,2023-06-26 20:20,2023-06-27 11:00
910,a,R-1504,2023-06-27 11:02,2023-06-27 18:46
911,a,R-1107,2023-06-27 15:30,2023-06-27 23:31
910,b,R-1504,2023-06-27 18:46,2023-06-28 09:51
911,b,R-1107,2023-06-27 23:31,2023-06-28 16:00
912,a,R-1108,2023-06-28 11:00,2023-06-28 18:31
913,a,R-1506,2023-06-28 11:07,2023-06-28 18:58
912,b,R-1108,2023-06-28 18:31,2023-06-29 08:01
913,b,R-1506,2023-06-28 18:58,2023-06-29 10:46
914,a,R-1107,2023-06-29 10:40,2023-06-29 18:41
915,a,R-1504,2023-06-29 11:00,2023-06-29 18:55
914,b,R-1107,2023-06-29 18:41,2023-06-30 10:10
915,b,R-1504,2023-06-29 18:55,2023-06-30 10:10
916,a,R-1506,2023-06-30 09:50,2023-06-30 17:37
917,a,R-1108,2023-06-30 13:00,2023-06-30 20:31
916,b,R-1506,2023-06-30 17:37,2023-07-01 07:35
917,b,R-1108,2023-06-30 20:31,2023-07-01 13:00
918,a,R-1504,2023-07-01 10:08,2023-07-01 17:53
919,a,R-1107,2023-07-01 12:00,2023-07-01 20:01
918,b,R-1504,2023-07-01 17:53,2023-07-02 08:00
919,b,R-1107,2023-07-01 20:01,2023-07-02 09:50
920,a,R-1506,2023-07-02 12:00,2023-07-02 20:05
921,a,R-1108,2023-07-02 13:50,2023-07-02 21:22
920,b,R-1506,2023-07-02 20:05,2023-07-03 09:10
921,b,R-1108,2023-07-02 21:22,2023-07-03 09:50
922,a,R-1504,2023-07-03 11:30,2023-07-03 19:20
923,a,R-1107,2023-07-03 12:30,2023-07-03 20:32
922,b,R-1504,2023-07-03 19:20,2023-07-04 08:10
923,b,R-1107,2023-07-03 20:32,2023-07-04 09:25
924,a,R-1108,2023-07-04 14:00,2023-07-04 21:32
925,a,R-1506,2023-07-04 18:26,2023-07-05 02:05
924,b,R-1108,2023-07-04 21:32,2023-07-05 10:15
925,b,R-1506,2023-07-05 02:05,2023-07-05 16:00
926,a,R-1504,2023-07-05 11:00,2023-07-05 18:45
927,a,R-1107,2023-07-05 12:20,2023-07-05 20:27
926,b,R-1504,2023-07-05 18:45,2023-07-06 08:00
927,b,R-1107,2023-07-05 20:27,2023-07-06 10:00
928,a,R-1506,2023-07-06 11:27,2023-07-06 19:20
929,a,R-1108,2023-07-06 12:20,2023-07-06 20:00
928,b,R-1506,2023-07-06 19:20,2023-07-07 13:10
929,b,R-1108,2023-07-06 20:00,2023-07-07 12:50
930,a,R-1504,2023-07-07 13:20,2023-07-07 21:10
931,a,R-1107,2023-07-07 18:02,2023-07-08 02:00
930,b,R-1504,2023-07-07 21:10,2023-07-08 11:19
931,b,R-1107,2023-07-08 02:00,2023-07-08 16:10
932,a,R-1108,2023-07-08 10:50,2023-07-08 18:51
933,a,R-1506,2023-07-08 13:56,2023-07-08 21:41
932,b,R-1108,2023-07-08 18:51,2023-07-09 10:10
933,b,R-1506,2023-07-08 21:41,2023-07-09 10:52
934,a,R-1504,2023-07-09 11:43,2023-07-09 19:25
935,a,R-1107,2023-07-09 13:20,2023-07-09 21:20
934,b,R-1504,2023-07-09 19:25,2023-07-10 13:20
935,b,R-1107,2023-07-09 21:20,2023-07-10 13:00
936,a,R-1108,2023-07-10 10:00,2023-07-10 18:00
937,a,R-1506,2023-07-10 14:30,2023-07-10 22:10
936,b,R-1108,2023-07-10 18:00,2023-07-11 08:50
937,b,R-1506,2023-07-10 22:10,2023-07-11 14:24
938,a,R-1107,2023-07-11 10:30,2023-07-11 18:36
938,b,R-1107,2023-07-11 18:36,2023-07-12 08:00
939,a,R-1504,2023-07-12 06:10,2023-07-12 14:12
939,b,R-1504,2023-07-12 14:12,2023-07-13 02:55
940,a,R-1108,2023-07-12 17:00,2023-07-13 00:31
940,b,R-1108,2023-07-13 00:31,2023-07-13 14:20
941,a,R-1506,2023-07-13 06:00,2023-07-13 14:11
942,a,R-1107,2023-07-13 13:30,2023-07-13 21:20
941,b,R-1506,2023-07-13 14:11,2023-07-14 02:50
942,b,R-1107,2023-07-13 21:20,2023-07-14 12:00
943,a,R-1504,2023-07-14 05:10,2023-07-14 13:10
944,a,R-1108,2023-07-14 11:15,2023-07-14 18:45
943,b,R-1504,2023-07-14 13:10,2023-07-15 02:35
944,b,R-1108,2023-07-14 18:45,2023-07-15 09:50
945,a,R-1506,2023-07-15 08:30,2023-07-15 16:31
946,a,R-1107,2023-07-15 11:00,2023-07-15 18:45
945,b,R-1506,2023-07-15 16:31,2023-07-16 05:54
946,b,R-1107,2023-07-15 18:45,2023-07-16 08:30
947,a,R-1504,2023-07-16 10:10,2023-07-16 18:15
948,a,R-1108,2023-07-16 13:00,2023-07-16 20:20
947,b,R-1504,2023-07-16 18:15,2023-07-17 08:00
948,b,R-1108,2023-07-16 20:20,2023-07-17 12:30
949,a,R-1107,2023-07-17 12:30,2023-07-17 20:31
950,a,R-1506,2023-07-17 13:13,2023-07-17 21:00
949,b,R-1107,2023-07-17 20:31,2023-07-18 10:20
950,b,R-1506,2023-07-17 21:00,2023-07-18 10:39
951,a,R-1504,2023-07-18 10:35,2023-07-18 18:21
952,a,R-1108,2023-07-18 12:30,2023-07-18 20:01
951,b,R-1504,2023-07-18 18:21,2023-07-19 08:00
952,b,R-1108,2023-07-18 20:01,2023-07-19 09:55
953,a,R-1107,2023-07-19 10:30,2023-07-19 18:31
954,a,R-1506,2023-07-19 10:41,2023-07-19 18:22
954,b,R-1506,2023-07-19 18:22,2023-07-20 10:35
953,b,R-1107,2023-07-19 18:31,2023-07-20 10:30
955,a,R-1504,2023-07-20 05:40,2023-07-20 13:40
956,a,R-1108,2023-07-20 12:00,2023-07-20 18:31
955,b,R-1504,2023-07-20 13:42,2023-07-21 04:50
956,b,R-1108,2023-07-20 18:31,2023-07-21 08:00
957,a,R-1506,2023-07-21 10:25,2023-07-21 18:15
958,a,R-1107,2023-07-21 11:30,2023-07-21 19:31
957,b,R-1506,2023-07-21 18:15,2023-07-22 08:00
958,b,R-1107,2023-07-21 19:31,2023-07-22 10:10
959,a,R-1504,2023-07-22 10:30,2023-07-22 18:20
960,a,R-1108,2023-07-22 13:40,2023-07-22 21:12
959,b,R-1504,2023-07-22 18:20,2023-07-23 08:00
960,b,R-1108,2023-07-22 21:12,2023-07-23 10:55
961,a,R-1506,2023-07-23 11:14,2023-07-23 19:06
962,a,R-1107,2023-07-23 12:10,2023-07-23 20:17
961,b,R-1506,2023-07-23 19:06,2023-07-24 08:30
962,b,R-1107,2023-07-23 20:17,2023-07-24 09:15
963,a,R-1504,2023-07-24 10:20,2023-07-24 18:02
964,a,R-1108,2023-07-24 12:40,2023-07-24 20:12
963,b,R-1504,2023-07-24 18:02,2023-07-25 06:38
964,b,R-1108,2023-07-24 20:12,2023-07-25 11:00
965,a,R-1506,2023-07-25 10:07,2023-07-25 18:05
966,a,R-1107,2023-07-25 12:30,2023-07-25 20:32
965,b,R-1506,2023-07-25 18:05,2023-07-26 08:11
966,b,R-1107,2023-07-25 20:32,2023-07-26 10:50
967,a,R-1504,2023-07-26 09:30,2023-07-26 17:14
968,a,R-1108,2023-07-26 10:30,2023-07-26 18:32
967,b,R-1504,2023-07-26 17:14,2023-07-27 08:48
968,b,R-1108,2023-07-26 18:32,2023-07-27 13:00
969,a,R-1107,2023-07-27 10:30,2023-07-27 18:22
970,a,R-1506,2023-07-27 16:45,2023-07-28 00:46
969,b,R-1107,2023-07-27 18:22,2023-07-28 09:00
970,b,R-1506,2023-07-28 00:46,2023-07-28 14:28
971,a,R-1108,2023-07-28 11:15,2023-07-28 19:13
972,a,R-1504,2023-07-28 15:40,2023-07-28 23:42
971,b,R-1108,2023-07-28 19:13,2023-07-29 09:05
972,b,R-1504,2023-07-28 23:42,2023-07-29 13:46
973,a,R-1107,2023-07-29 10:30,2023-07-29 18:21
974,a,R-1506,2023-07-29 13:15,2023-07-29 21:00
973,b,R-1107,2023-07-29 18:21,2023-07-30 08:20
974,b,R-1506,2023-07-29 21:00,2023-07-30 11:11
975,a,R-1108,2023-07-30 13:00,2023-07-30 20:31
975,b,R-1108,2023-07-30 20:31,2023-07-31 13:00
976,a,R-1107,2023-07-31 15:30,2023-07-31 23:31
976,b,R-1107,2023-07-31 23:31,2023-08-01 13:35
977,a,R-1108,2023-08-01 11:05,2023-08-01 18:30
977,b,R-1108,2023-08-01 18:30,2023-08-02 09:15
978,a,R-1107,2023-08-02 13:30,2023-08-02 21:20
978,b,R-1107,2023-08-02 21:20,2023-08-03 12:40
979,a,R-1108,2023-08-03 11:30,2023-08-03 19:00
979,b,R-1108,2023-08-03 19:00,2023-08-04 08:00
980,a,R-1107,2023-08-04 11:00,2023-08-04 18:50
980,b,R-1107,2023-08-04 18:50,2023-08-05 09:50
981,a,R-1108,2023-08-05 14:00,2023-08-05 21:20
981,b,R-1108,2023-08-05 21:20,2023-08-06 13:10
982,a,R-1107,2023-08-06 11:30,2023-08-06 19:30
982,b,R-1107,2023-08-06 19:30,2023-08-07 09:10
983,a,R-1108,2023-08-07 11:00,2023-08-07 18:30
983,b,R-1108,2023-08-07 18:30,2023-08-08 08:00
984,a,R-1107,2023-08-08 20:15,2023-08-09 04:12
984,b,R-1107,2023-08-09 04:12,2023-08-09 17:50
985,a,R-1108,2023-08-09 16:00,2023-08-10 00:02
985,b,R-1108,2023-08-10 00:02,2023-08-10 16:00
986,a,R-1107,2023-08-10 16:10,2023-08-11 00:05
986,b,R-1107,2023-08-11 00:05,2023-08-11 13:45
987,a,R-1108,2023-08-11 18:45,2023-08-12 02:46
987,b,R-1108,2023-08-12 02:46,2023-08-12 16:00
988,a,R-1107,2023-08-12 20:10,2023-08-13 04:10
988,b,R-1107,2023-08-13 04:10,2023-08-13 17:15
989,a,R-1108,2023-08-13 20:40,2023-08-14 04:05
989,b,R-1108,2023-08-14 04:05,2023-08-14 18:40
990,a,R-1107,2023-08-15 02:30,2023-08-15 10:30
990,b,R-1107,2023-08-15 10:30,2023-08-16 00:00
991,a,R-1108,2023-08-16 10:10,2023-08-16 18:05
991,b,R-1108,2023-08-16 18:05,2023-08-17 08:00
992,a,R-1107,2023-08-17 11:20,2023-08-17 19:20
992,b,R-1107,2023-08-17 19:20,2023-08-18 09:25
993,a,R-1108,2023-08-18 18:35,2023-08-19 02:00
993,b,R-1108,2023-08-19 02:00,2023-08-19 16:00
994,a,R-1107,2023-08-19 17:00,2023-08-20 01:00
994,b,R-1107,2023-08-20 01:00,2023-08-20 16:00
995,a,R-1108,2023-08-20 17:30,2023-08-21 01:01
995,b,R-1108,2023-08-21 01:01,2023-08-21 16:00
996,a,R-1107,2023-08-21 19:30,2023-08-22 03:31
996,b,R-1107,2023-08-22 03:31,2023-08-22 17:50
997,a,R-1108,2023-08-22 19:50,2023-08-23 03:21
997,b,R-1108,2023-08-23 03:21,2023-08-23 18:00
998,a,R-1107,2023-08-23 18:00,2023-08-24 02:01
998,b,R-1107,2023-08-24 02:01,2023-08-24 16:00
999,a,R-1108,2023-08-24 19:00,2023-08-25 02:30
999,b,R-1108,2023-08-25 02:30,2023-08-25 16:00
1000,a,R-1107,2023-08-25 18:50,2023-08-26 03:00
1000,b,R-1107,2023-08-26 03:00,2023-08-26 17:30
1001,a,R-1108,2023-08-26 18:30,2023-08-27 02:00
1001,b,R-1108,2023-08-27 02:00,2023-08-27 16:35
1002,a,R-1107,2023-08-27 19:30,2023-08-28 03:31
1002,b,R-1107,2023-08-28 03:31,2023-08-28 17:20
1003,a,R-1108,2023-08-28 19:45,2023-08-29 03:17
1003,b,R-1108,2023-08-29 03:17,2023-08-29 17:20
1004,a,R-1107,2023-08-29 20:10,2023-08-30 04:12
1004,b,R-1107,2023-08-30 04:12,2023-08-30 18:30
1005,a,R-1108,2023-08-30 17:30,2023-08-31 01:00
1005,b,R-1108,2023-08-31 01:00,2023-08-31 16:00
1006,a,R-1107,2023-08-31 18:00,2023-09-01 02:00
1006,b,R-1107,2023-09-01 02:00,2023-09-01 16:00
1007,a,R-1108,2023-09-01 18:30,2023-09-02 02:00
1007,b,R-1108,2023-09-02 02:00,2023-09-02 16:47
1008,a,R-1107,2023-09-02 18:00,2023-09-03 02:00
1008,b,R-1107,2023-09-03 02:00,2023-09-03 16:00
1009,a,R-1108,2023-09-03 18:30,2023-09-04 02:00
1009,b,R-1108,2023-09-04 02:00,2023-09-04 16:00
1010,a,R-1107,2023-09-04 18:00,2023-09-05 02:00
1010,b,R-1107,2023-09-05 02:00,2023-09-05 16:00
1011,a,R-1108,2023-09-05 18:30,2023-09-06 02:00
1011,b,R-1108,2023-09-06 02:00,2023-09-06 16:00
1012,a,R-1107,2023-09-06 18:00,2023-09-07 02:00
1012,b,R-1107,2023-09-07 02:00,2023-09-07 16:00
1013,a,R-1108,2023-09-07 18:45,2023-09-08 02:00
1013,b,R-1108,2023-09-08 02:00,2023-09-08 16:00
1014,a,R-1107,2023-09-08 18:00,2023-09-09 02:00
1014,b,R-1107,2023-09-09 02:00,2023-09-09 16:00
1015,a,R-1108,2023-09-09 19:00,2023-09-10 02:30
1015,b,R-1108,2023-09-10 02:30,2023-09-10 16:00
1016,a,R-1107,2023-09-10 20:10,2023-09-11 04:11
1016,b,R-1107,2023-09-11 04:11,2023-09-11 17:30
1017,a,R-1108,2023-09-11 17:00,2023-09-12 00:31
1017,b,R-1108,2023-09-12 00:31,2023-09-12 14:50
1018,a,R-1107,2023-09-12 12:30,2023-09-12 20:20
1018,b,R-1107,2023-09-12 20:20,2023-09-13 11:00
1019,a,R-1108,2023-09-13 18:30,2023-09-14 02:01
1019,b,R-1108,2023-09-14 02:01,2023-09-14 18:50
1020,a,R-1107,2023-09-14 18:35,2023-09-15 02:37
1020,b,R-1107,2023-09-15 02:37,2023-09-15 18:30
1021,a,R-1108,2023-09-15 17:00,2023-09-16 00:30
1021,b,R-1108,2023-09-16 00:30,2023-09-16 16:00
1022,a,R-1107,2023-09-16 16:30,2023-09-17 00:31
1022,b,R-1107,2023-09-17 00:31,2023-09-17 16:00
1023,a,R-1108,2023-09-17 17:00,2023-09-18 01:01
1023,b,R-1108,2023-09-18 01:01,2023-09-18 16:00
1024,a,R-1107,2023-09-18 19:20,2023-09-19 03:21
1024,b,R-1107,2023-09-19 03:21,2023-09-20 00:00
1025,a,R-1108,2023-09-19 19:38,2023-09-20 03:10
1025,b,R-1108,2023-09-20 03:10,2023-09-21 12:00
1026,a,R-1107,2023-09-21 07:40,2023-09-21 15:41
1026,b,R-1107,2023-09-21 15:41,2023-09-22 07:02
1027,a,R-1108,2023-09-22 12:40,2023-09-22 20:21
1027,b,R-1108,2023-09-22 20:21,2023-09-23 09:05
1028,a,R-1107,2023-09-24 07:30,2023-09-24 15:26
1028,b,R-1107,2023-09-24 15:26,2023-09-25 05:20
1029,a,R-1108,2023-09-25 06:00,2023-09-25 13:31
1029,b,R-1108,2023-09-25 13:31,2023-09-26 03:10
1030,a,R-1107,2023-09-26 06:00,2023-09-26 14:01
1030,b,R-1107,2023-09-26 14:01,2023-09-27 03:30
1031,a,R-1108,2023-09-27 06:30,2023-09-27 14:01
1031,b,R-1108,2023-09-27 14:01,2023-09-28 04:50
1032,a,R-1107,2023-09-28 06:30,2023-09-28 14:31
1032,b,R-1107,2023-09-28 14:31,2023-09-29 04:50
1033,a,R-1108,2023-09-29 06:30,2023-09-29 14:11
1033,b,R-1108,2023-09-29 14:11,2023-09-30 04:50
1034,a,R-1107,2023-09-30 09:00,2023-09-30 17:00
1034,b,R-1107,2023-09-30 17:00,2023-10-01 08:00
1035,a,R-1108,2023-10-01 07:00,2023-10-01 14:31
1035,b,R-1108,2023-10-01 14:31,2023-10-02 10:15
1036,a,R-1107,2023-10-02 06:30,2023-10-02 14:33
1036,b,R-1107,2023-10-02 14:31,2023-10-03 03:15
1037,a,R-1108,2023-10-03 09:00,2023-10-03 16:40
1037,b,R-1108,2023-10-03 16:40,2023-10-04 05:40
1038,a,R-1107,2023-10-04 06:30,2023-10-04 14:31
1038,b,R-1107,2023-10-04 14:31,2023-10-05 04:50
1039,a,R-1108,2023-10-05 11:10,2023-10-05 18:41
1039,b,R-1108,2023-10-05 18:41,2023-10-06 09:00
1040,a,R-1107,2023-10-06 06:00,2023-10-06 14:03
1040,b,R-1107,2023-10-06 14:03,2023-10-07 04:50
1041,a,R-1108,2023-10-07 06:30,2023-10-07 14:03
1041,b,R-1108,2023-10-07 14:03,2023-10-08 03:35
1042,a,R-1107,2023-10-08 06:30,2023-10-08 14:30
1042,b,R-1107,2023-10-08 14:30,2023-10-09 08:00
1043,a,R-1108,2023-10-09 07:05,2023-10-09 14:30
1043,b,R-1108,2023-10-09 14:30,2023-10-10 04:10
1044,a,R-1107,2023-10-10 06:45,2023-10-10 14:40
1044,b,R-1107,2023-10-10 14:40,2023-10-11 04:00
1045,a,R-1108,2023-10-11 07:00,2023-10-11 14:32
1045,b,R-1108,2023-10-11 14:32,2023-10-12 04:00
1046,a,R-1107,2023-10-12 06:30,2023-10-12 14:35
1046,b,R-1107,2023-10-12 14:35,2023-10-13 03:30
1047,a,R-1108,2023-10-13 06:30,2023-10-13 14:01
1047,b,R-1108,2023-10-13 14:01,2023-10-14 04:00
1048,a,R-1107,2023-10-14 06:30,2023-10-14 14:30
1048,b,R-1107,2023-10-14 14:30,2023-10-15 04:00
1049,a,R-1108,2023-10-15 07:30,2023-10-15 15:30
1049,b,R-1108,2023-10-15 15:30,2023-10-16 08:00
1050,a,R-1107,2023-10-16 06:30,2023-10-16 14:31
1050,b,R-1107,2023-10-16 14:31,2023-10-17 04:00
